timestamp,error_count,pressure,altitude,temperature,device_id
5550003,0,977.9,298.504,27.96,3998474
5561000,0,977.87,298.761,27.96,3998474
5583002,0,977.88,298.675,27.96,3998474
5594010,0,977.84,299.018,27.96,3998474
5604991,0,977.89,298.59,27.96,3998474
5626991,0,977.89,298.59,27.96,3998474
5637991,0,977.83,299.104,27.96,3998474
5649012,0,977.85,298.932,27.96,3998474
5671001,0,977.82,299.189,27.96,3998474
5681991,0,977.85,298.932,27.96,3998474
5693002,0,977.88,298.675,27.96,3998474
5714991,0,977.86,298.847,27.96,3998474
5725991,0,977.88,298.675,27.96,3998474
5737010,0,977.89,298.59,27.96,3998474
5758991,0,977.86,298.847,27.96,3998474
5770030,0,977.85,298.932,27.96,3998474
5780991,0,977.84,299.018,27.96,3998474
5803002,0,977.86,298.847,27.96,3998474
5813991,0,977.83,299.104,27.96,3998474
5824991,0,977.83,299.104,27.96,3998474
5846991,0,977.87,298.761,27.96,3998474
5857991,0,977.84,299.018,27.96,3998474
5868991,0,977.87,298.761,27.96,3998474
5890991,0,977.87,298.761,27.96,3998474
5901991,0,977.86,298.847,27.96,3998474
5913032,0,977.86,298.847,27.96,3998474
5935016,0,977.91,298.418,27.97,3998474
5945991,0,977.84,299.018,27.97,3998474
5956991,0,977.85,298.932,27.97,3998474
5978991,0,977.9,298.504,27.97,3998474
5990267,0,977.88,298.675,27.97,3998474
6000991,0,977.84,299.018,27.97,3998474
6023021,0,977.86,298.847,27.97,3998474
6034221,0,977.86,298.847,27.97,3998474
6044990,0,977.89,298.59,27.97,3998474
6066999,0,977.89,298.59,27.97,3998474
6078019,0,977.89,298.59,27.97,3998474
6088991,0,977.78,299.532,27.97,3998474
6111052,0,977.87,298.761,27.97,3998474
6121991,0,977.83,299.104,27.97,3998474
6133002,0,977.88,298.675,27.97,3998474
6155030,0,977.87,298.761,27.97,3998474
6166021,0,977.89,298.59,27.97,3998474
6176991,0,977.89,298.59,27.97,3998474
6198991,0,977.83,299.104,27.97,3998474
6209991,0,977.83,299.104,27.97,3998474
6221016,0,977.89,298.59,27.97,3998474
6242991,0,977.86,298.847,27.97,3998474
6254002,0,977.84,299.018,27.97,3998474
6264991,0,977.82,299.189,27.97,3998474
6286991,0,977.88,298.675,27.97,3998474
6297991,0,977.87,298.761,27.97,3998474
6309011,0,977.88,298.675,27.97,3998474
6331002,0,977.82,299.189,27.97,3998474
6342666,0,977.85,298.932,27.97,3998474
6352991,0,977.9,298.504,27.97,3998474
6375021,0,977.83,299.104,27.97,3998474
6386002,0,977.88,298.675,27.97,3998474
6397000,0,977.87,298.761,27.97,3998474
6418991,0,977.88,298.675,27.97,3998474
6429991,0,977.87,298.761,27.97,3998474
6440990,0,977.87,298.761,27.97,3998474
6462991,0,977.84,299.018,27.97,3998474
6473991,0,977.85,298.932,27.97,3998474
6485002,0,977.85,298.932,27.97,3998474
6507024,0,977.88,298.675,27.97,3998474
6517991,0,977.83,299.104,27.97,3998474
6529000,0,977.9,298.504,27.97,3998474
6550991,0,977.85,298.932,27.97,3998474
6562307,0,977.91,298.418,27.97,3998474
6573030,0,977.86,298.847,27.97,3998474
6595406,0,977.91,298.418,27.97,3998474
6606610,0,977.85,298.932,27.97,3998474
6617002,0,977.87,298.761,27.97,3998474
6639002,0,977.87,298.761,27.97,3998474
6648991,0,977.86,298.847,27.97,3998474
6660033,0,977.88,298.675,27.97,3998474
6681991,0,977.88,298.675,27.97,3998474
6692232,0,977.85,298.932,27.97,3998474
6703930,0,977.86,298.847,27.97,3998474
6725991,0,977.85,298.932,27.97,3998474
6736991,0,977.85,298.932,27.97,3998474
6747991,0,977.88,298.675,27.97,3998474
6768991,0,977.87,298.761,27.97,3998474
6779071,0,977.86,298.847,27.97,3998474
6790002,0,977.83,299.104,27.97,3998474
6811742,0,977.87,298.761,27.98,3998474
6822021,0,977.88,298.675,27.98,3998474
6833000,0,977.82,299.189,27.98,3998474
6853991,0,977.9,298.504,27.98,3998474
6864991,0,977.93,298.247,27.98,3998474
6876030,0,977.87,298.761,27.98,3998474
6898001,0,977.91,298.418,27.98,3998474
6909610,0,977.86,298.847,27.98,3998474
6919991,0,977.85,298.932,27.98,3998474
6942027,0,977.87,298.761,27.98,3998474
6953002,0,977.83,299.104,27.98,3998474
6963991,0,977.88,298.675,27.98,3998474
6986010,0,977.88,298.675,27.98,3998474
6996991,0,977.88,298.675,27.98,3998474
7007990,0,977.84,299.018,27.98,3998474
7029570,0,977.88,298.675,27.99,3998474
7039991,0,977.89,298.59,27.99,3998474
7050991,0,977.86,298.847,27.99,3998474
7072990,0,977.82,299.189,27.98,3998474
7084007,0,977.81,299.275,27.98,3998474
7095002,0,977.85,298.932,27.98,3998474
7116991,0,977.91,298.418,27.98,3998474
7127991,0,977.92,298.333,27.98,3998474
7138991,0,977.88,298.675,27.98,3998474
7161836,0,977.82,299.189,27.98,3998474
7173011,0,977.85,298.932,27.98,3998474
7184030,0,977.85,298.932,27.98,3998474
7205991,0,977.86,298.847,27.98,3998474
7216998,0,977.89,298.59,27.98,3998474
7228002,0,977.86,298.847,27.98,3998474
7249991,0,977.86,298.847,27.98,3998474
7260990,0,977.85,298.932,27.98,3998474
7272010,0,977.83,299.104,27.98,3998474
7293990,0,977.9,298.504,27.98,3998474
7305011,0,977.89,298.59,27.98,3998474
7315990,0,977.88,298.675,27.98,3998474
7337991,0,977.87,298.761,27.98,3998474
7348991,0,977.83,299.104,27.98,3998474
7360008,0,977.91,298.418,27.98,3998474
7382005,0,977.87,298.761,27.99,3998474
7393002,0,977.89,298.59,27.99,3998474
7404013,0,977.87,298.761,27.99,3998474
7425991,0,977.83,299.104,27.99,3998474
7437315,0,977.86,298.847,27.99,3998474
7447991,0,977.88,298.675,27.99,3998474
7469991,0,977.88,298.675,27.99,3998474
7480991,0,977.85,298.932,27.99,3998474
7491991,0,977.84,299.018,27.99,3998474
7513991,0,977.88,298.675,27.98,3998474
7525002,0,977.84,299.018,27.98,3998474
7535991,0,977.85,298.932,27.98,3998474
7558011,0,977.84,299.018,27.99,3998474
7569330,0,977.85,298.932,27.99,3998474
7580002,0,977.83,299.104,27.99,3998474
7602002,0,977.85,298.932,27.99,3998474
7613002,0,977.83,299.104,27.99,3998474
7623991,0,977.9,298.504,27.99,3998474
7646007,0,977.89,298.59,27.99,3998474
7656140,0,977.87,298.761,27.99,3998474
7668213,0,977.83,299.104,27.99,3998474
7689991,0,977.85,298.932,27.99,3998474
7700991,0,977.83,299.104,27.99,3998474
7711991,0,977.82,299.189,27.99,3998474
7732991,0,977.84,299.018,27.99,3998474
7743163,0,977.84,299.018,27.99,3998474
7754005,0,977.86,298.847,27.99,3998474
7775430,0,977.88,298.675,28.0,3998474
7786051,0,977.86,298.847,28.0,3998474
7796991,0,977.87,298.761,28.0,3998474
7819132,0,977.85,298.932,27.99,3998474
7830033,0,977.9,298.504,27.99,3998474
7840991,0,977.89,298.59,27.99,3998474
7862001,0,977.87,298.761,27.99,3998474
7872998,0,977.8,299.361,27.99,3998474
7884699,0,977.83,299.104,27.99,3998474
7905991,0,977.86,298.847,27.99,3998474
7916992,0,977.8,299.361,27.99,3998474
7927991,0,977.89,298.59,27.99,3998474
7950038,0,977.86,298.847,27.99,3998474
7961002,0,977.92,298.333,27.99,3998474
7971991,0,977.89,298.59,27.99,3998474
7993991,0,977.86,298.847,28.0,3998474
8005504,0,977.88,298.675,28.0,3998474
8016000,0,977.87,298.761,28.0,3998474
8037991,0,977.86,298.847,27.99,3998474
8048991,0,977.88,298.675,27.99,3998474
8060003,0,977.86,298.847,27.99,3998474
8081991,0,977.82,299.189,27.99,3998474
8093050,0,977.89,298.59,27.99,3998474
8103991,0,977.86,298.847,27.99,3998474
8125991,0,977.88,298.675,28.0,3998474
8136991,0,977.85,298.932,28.0,3998474
8147991,0,977.85,298.932,28.0,3998474
8170278,0,977.89,298.59,27.99,3998474
8181028,0,977.79,299.447,27.99,3998474
8191991,0,977.88,298.675,27.99,3998474
8213002,0,977.88,298.675,28.0,3998474
8223413,0,977.87,298.761,28.0,3998474
8235117,0,977.85,298.932,28.0,3998474
8257010,0,977.94,298.161,28.0,3998474
8267991,0,977.9,298.504,28.0,3998474
8278991,0,977.87,298.761,28.0,3998474
8299991,0,977.89,298.59,28.0,3998474
8310284,0,977.92,298.333,28.0,3998474
8320991,0,977.83,299.104,28.0,3998474
8342908,0,977.87,298.761,28.0,3998474
8355154,0,977.88,298.675,28.0,3998474
8367384,0,977.84,299.018,28.0,3998474
8389002,0,977.87,298.761,28.0,3998474
8400001,0,977.87,298.761,28.0,3998474
8411003,0,977.94,298.161,28.0,3998474
8431990,0,977.93,298.247,28.0,3998474
8442246,0,977.86,298.847,28.0,3998474
8453000,0,977.85,298.932,28.0,3998474
8475205,0,977.87,298.761,28.0,3998474
8486974,0,977.9,298.504,28.0,3998474
8499254,0,977.89,298.59,28.0,3998474
8523128,0,977.85,298.932,28.0,3998474
8534761,0,977.87,298.761,28.0,3998474
8544991,0,977.85,298.932,28.0,3998474
8567072,0,977.84,299.018,28.0,3998474
8578032,0,977.87,298.761,28.0,3998474
8589031,0,977.83,299.104,28.0,3998474
8610030,0,977.92,298.333,28.0,3998474
8620991,0,977.91,298.418,28.0,3998474
8631994,0,977.88,298.675,28.0,3998474
8653991,0,977.82,299.189,28.0,3998474
8664991,0,977.84,299.018,28.0,3998474
8675991,0,977.87,298.761,28.0,3998474
8696991,0,977.89,298.59,28.0,3998474
8707011,0,977.86,298.847,28.0,3998474
8717991,0,977.88,298.675,28.0,3998474
8739991,0,977.87,298.761,28.0,3998474
8751929,0,977.87,298.761,28.0,3998474
8764207,0,977.86,298.847,28.0,3998474
8785991,0,977.83,299.104,28.0,3998474
8796991,0,977.84,299.018,28.0,3998474
8807991,0,977.82,299.189,28.0,3998474
8828991,0,977.89,298.59,28.0,3998474
8839991,0,977.85,298.932,28.0,3998474
8850991,0,977.87,298.761,28.0,3998474
8873787,0,977.88,298.675,28.0,3998474
8884002,0,977.89,298.59,28.0,3998474
8895023,0,977.87,298.761,28.0,3998474
8917010,0,977.88,298.675,28.01,3998474
8928006,0,977.82,299.189,28.01,3998474
8938991,0,977.86,298.847,28.01,3998474
8961000,0,977.86,298.847,28.0,3998474
8971991,0,977.85,298.932,28.0,3998474
8982991,0,977.84,299.018,28.0,3998474
9005538,0,977.89,298.59,28.01,3998474
9016004,0,977.88,298.675,28.01,3998474
9027004,0,977.85,298.932,28.01,3998474
9049002,0,977.9,298.504,28.0,3998474
9060021,0,977.8,299.361,28.0,3998474
9071005,0,977.84,299.018,28.0,3998474
9093002,0,977.86,298.847,28.01,3998474
9104002,0,977.88,298.675,28.01,3998474
9114996,0,977.85,298.932,28.01,3998474
9136991,0,977.84,299.018,28.01,3998474
9147991,0,977.88,298.675,28.01,3998474
9158991,0,977.85,298.932,28.01,3998474
9180991,0,977.9,298.504,28.01,3998474
9191991,0,977.83,299.104,28.01,3998474
9203010,0,977.83,299.104,28.01,3998474
9224991,0,977.88,298.675,28.0,3998474
9235991,0,977.86,298.847,28.0,3998474
9246990,0,977.85,298.932,28.0,3998474
9268991,0,977.85,298.932,28.0,3998474
9279991,0,977.9,298.504,28.0,3998474
9290991,0,977.83,299.104,28.0,3998474
9312991,0,977.88,298.675,28.02,3998474
9323991,0,977.87,298.761,28.02,3998474
9334991,0,977.89,298.59,28.02,3998474
9357039,0,977.87,298.761,28.01,3998474
9368000,0,977.86,298.847,28.01,3998474
9378991,0,977.85,298.932,28.01,3998474
9401033,0,977.87,298.761,28.01,3998474
9411991,0,977.86,298.847,28.01,3998474
9423001,0,977.81,299.275,28.01,3998474
9444991,0,977.87,298.761,28.01,3998474
9456002,0,977.86,298.847,28.01,3998474
9466991,0,977.83,299.104,28.01,3998474
9489010,0,977.87,298.761,28.01,3998474
9500002,0,977.82,299.189,28.01,3998474
9510990,0,977.9,298.504,28.01,3998474
9533002,0,977.87,298.761,28.01,3998474
9543991,0,977.89,298.59,28.01,3998474
9555057,0,977.84,299.018,28.01,3998474
9576990,0,977.88,298.675,28.01,3998474
9587044,0,977.87,298.761,28.01,3998474
9598016,0,977.89,298.59,28.01,3998474
9619808,0,977.87,298.761,28.02,3998474
9630019,0,977.88,298.675,28.02,3998474
9641000,0,977.9,298.504,28.02,3998474
9663084,0,977.83,299.104,28.02,3998474
9674038,0,977.83,299.104,28.02,3998474
9684991,0,977.88,298.675,28.02,3998474
9705991,0,977.81,299.275,28.02,3998474
9716360,0,977.87,298.761,28.02,3998474
9727988,0,977.82,299.189,28.02,3998474
9750003,0,977.85,298.932,28.01,3998474
9761003,0,977.87,298.761,28.01,3998474
9772004,0,977.87,298.761,28.01,3998474
9792991,0,977.86,298.847,28.02,3998474
9803062,0,977.82,299.189,28.02,3998474
9813991,0,977.88,298.675,28.02,3998474
9836113,0,977.88,298.675,28.02,3998474
9847925,0,977.87,298.761,28.02,3998474
9859431,0,977.91,298.418,28.02,3998474
9881006,0,977.93,298.247,28.03,3998474
9892006,0,977.8,299.361,28.03,3998474
9902015,0,977.85,298.932,28.03,3998474
9923060,0,977.9,298.504,28.02,3998474
9934007,0,977.89,298.59,28.02,3998474
9944445,0,977.89,298.59,28.02,3998474
9966044,0,977.84,299.018,28.03,3998474
9976991,0,977.88,298.675,28.03,3998474
9987990,0,977.88,298.675,28.03,3998474
10008990,0,977.88,298.675,28.03,3998474
10019050,0,977.88,298.675,28.03,3998474
10030067,0,977.88,298.675,28.03,3998474
10051431,0,977.79,299.447,28.03,3998474
10062038,0,977.84,299.018,28.03,3998474
10072991,0,977.83,299.104,28.03,3998474
10093990,0,977.87,298.761,28.03,3998474
10104991,0,977.91,298.418,28.03,3998474
10115057,0,977.85,298.932,28.03,3998474
10137002,0,977.86,298.847,28.03,3998474
10148521,0,977.91,298.418,28.03,3998474
10159003,0,977.83,299.104,28.03,3998474
10181005,0,977.87,298.761,28.03,3998474
10191005,0,977.84,299.018,28.03,3998474
10202004,0,977.8,299.361,28.03,3998474
10224004,0,977.88,298.675,28.03,3998474
10235042,0,977.87,298.761,28.03,3998474
10246004,0,977.84,299.018,28.03,3998474
10268005,0,977.86,298.847,28.03,3998474
10279003,0,977.86,298.847,28.03,3998474
10290003,0,977.82,299.189,28.03,3998474
10312003,0,977.86,298.847,28.03,3998474
10323043,0,977.85,298.932,28.03,3998474
10334218,0,977.86,298.847,28.03,3998474
10356003,0,977.9,298.504,28.03,3998474
10367426,0,977.87,298.761,28.03,3998474
10379211,0,977.83,299.104,28.03,3998474
10403207,0,977.85,298.932,28.03,3998474
10414882,0,977.87,298.761,28.03,3998474
10425002,0,977.84,299.018,28.03,3998474
10446991,0,977.85,298.932,28.03,3998474
10456991,0,977.87,298.761,28.03,3998474
10467991,0,977.88,298.675,28.03,3998474
10488991,0,977.94,298.161,28.03,3998474
10499991,0,977.87,298.761,28.03,3998474
10511422,0,977.87,298.761,28.03,3998474
10533021,0,977.82,299.189,28.03,3998474
10544020,0,977.85,298.932,28.03,3998474
10555065,0,977.89,298.59,28.03,3998474
10577002,0,977.87,298.761,28.03,3998474
10587991,0,977.9,298.504,28.03,3998474
10599108,0,977.84,299.018,28.03,3998474
10620398,0,977.83,299.104,28.03,3998474
10631450,0,977.82,299.189,28.03,3998474
10642007,0,977.83,299.104,28.03,3998474
10664038,0,977.86,298.847,28.04,3998474
10674032,0,977.86,298.847,28.04,3998474
10684991,0,977.83,299.104,28.04,3998474
10705991,0,977.86,298.847,28.03,3998474
10716250,0,977.89,298.59,28.03,3998474
10727397,0,977.86,298.847,28.03,3998474
10748991,0,977.9,298.504,28.04,3998474
10759994,0,977.87,298.761,28.04,3998474
10770991,0,977.84,299.018,28.04,3998474
10793010,0,977.88,298.675,28.05,3998474
10803991,0,977.86,298.847,28.05,3998474
10815023,0,977.9,298.504,28.05,3998474
10836990,0,977.88,298.675,28.04,3998474
10848021,0,977.89,298.59,28.04,3998474
10859000,0,977.84,299.018,28.04,3998474
10880991,0,977.87,298.761,28.04,3998474
10892002,0,977.88,298.675,28.04,3998474
10902991,0,977.84,299.018,28.04,3998474
10924997,0,977.84,299.018,28.04,3998474
10936010,0,977.82,299.189,28.04,3998474
10946991,0,977.89,298.59,28.04,3998474
10968991,0,977.87,298.761,28.04,3998474
10979991,0,977.87,298.761,28.04,3998474
10991000,0,977.87,298.761,28.04,3998474
11012991,0,977.89,298.59,28.04,3998474
11023990,0,977.89,298.59,28.04,3998474
11034991,0,977.87,298.761,28.04,3998474
11056991,0,977.91,298.418,28.05,3998474
11067991,0,977.92,298.333,28.05,3998474
11079040,0,977.87,298.761,28.05,3998474
11102653,0,977.83,299.104,28.04,3998474
11112991,0,977.86,298.847,28.04,3998474
11123990,0,977.86,298.847,28.04,3998474
11145990,0,977.88,298.675,28.03,3998474
11156991,0,977.86,298.847,28.03,3998474
11167990,0,977.81,299.275,28.03,3998474
11189991,0,977.87,298.761,28.04,3998474
11200991,0,977.86,298.847,28.04,3998474
11211990,0,977.82,299.189,28.04,3998474
11234641,0,977.83,299.104,28.04,3998474
11245001,0,977.86,298.847,28.04,3998474
11256032,0,977.85,298.932,28.04,3998474
11277991,0,977.82,299.189,28.05,3998474
11289031,0,977.87,298.761,28.05,3998474
11299991,0,977.85,298.932,28.05,3998474
11321991,0,977.84,299.018,28.04,3998474
11332990,0,977.87,298.761,28.04,3998474
11343436,0,977.79,299.447,28.04,3998474
11365001,0,977.9,298.504,28.04,3998474
11375990,0,977.87,298.761,28.04,3998474
11387016,0,977.86,298.847,28.04,3998474
11408016,0,977.88,298.675,28.05,3998474
11418497,0,977.91,298.418,28.05,3998474
11429016,0,977.88,298.675,28.05,3998474
11450927,0,977.85,298.932,28.05,3998474
11463708,0,977.91,298.418,28.05,3998474
11475333,0,977.89,298.59,28.05,3998474
11499452,0,977.87,298.761,28.05,3998474
11510876,0,977.86,298.847,28.05,3998474
11523709,0,977.84,299.018,28.05,3998474
11544991,0,977.86,298.847,28.04,3998474
11555991,0,977.86,298.847,28.04,3998474
11567000,0,977.86,298.847,28.04,3998474
11587991,0,977.87,298.761,28.05,3998474
11598438,0,977.86,298.847,28.05,3998474
11608995,0,977.86,298.847,28.05,3998474
11631553,0,977.85,298.932,28.05,3998474
11643139,0,977.86,298.847,28.05,3998474
11655360,0,977.88,298.675,28.05,3998474
11679420,0,977.84,299.018,28.05,3998474
11691209,0,977.83,299.104,28.05,3998474
11703407,0,977.89,298.59,28.05,3998474
11727371,0,977.84,299.018,28.05,3998474
11739183,0,977.86,298.847,28.05,3998474
11751433,0,977.85,298.932,28.05,3998474
11773005,0,977.88,298.675,28.05,3998474
11784008,0,977.82,299.189,28.05,3998474
11795005,0,977.85,298.932,28.05,3998474
11816059,0,977.85,298.932,28.05,3998474
11826990,0,977.84,299.018,28.05,3998474
11837001,0,977.88,298.675,28.05,3998474
11858991,0,977.84,299.018,28.05,3998474
11869991,0,977.83,299.104,28.05,3998474
11880991,0,977.86,298.847,28.05,3998474
11901991,0,977.86,298.847,28.06,3998474
11912088,0,977.82,299.189,28.06,3998474
11922991,0,977.84,299.018,28.06,3998474
11944002,0,977.8,299.361,28.06,3998474
11954990,0,977.86,298.847,28.06,3998474
11966044,0,977.82,299.189,28.06,3998474
11988016,0,977.87,298.761,28.06,3998474
11998991,0,977.84,299.018,28.06,3998474
12009991,0,977.88,298.675,28.06,3998474
12032030,0,977.89,298.59,28.06,3998474
12042091,0,977.88,298.675,28.06,3998474
12053325,0,977.86,298.847,28.06,3998474
12075001,0,977.85,298.932,28.06,3998474
12086019,0,977.83,299.104,28.06,3998474
12097003,0,977.87,298.761,28.06,3998474
12119033,0,977.88,298.675,28.06,3998474
12130006,0,977.85,298.932,28.06,3998474
12141001,0,977.84,299.018,28.06,3998474
12164503,0,977.86,298.847,28.07,3998474
12175742,0,977.92,298.333,28.07,3998474
12186005,0,977.89,298.59,28.07,3998474
12208003,0,977.87,298.761,28.06,3998474
12218000,0,977.85,298.932,28.06,3998474
12228991,0,977.87,298.761,28.06,3998474
12249994,0,977.82,299.189,28.06,3998474
12260289,0,977.86,298.847,28.06,3998474
12271946,0,977.9,298.504,28.06,3998474
12296519,0,977.89,298.59,28.07,3998474
12307744,0,977.86,298.847,28.07,3998474
12318058,0,977.9,298.504,28.07,3998474
12339991,0,977.88,298.675,28.06,3998474
12350023,0,977.83,299.104,28.06,3998474
12360991,0,977.87,298.761,28.06,3998474
12381991,0,977.85,298.932,28.07,3998474
12392610,0,977.87,298.761,28.07,3998474
12403731,0,977.84,299.018,28.07,3998474
12424990,0,977.85,298.932,28.07,3998474
12436033,0,977.88,298.675,28.07,3998474
12446990,0,977.88,298.675,28.07,3998474
12468991,0,977.87,298.761,28.07,3998474
12480164,0,977.88,298.675,28.07,3998474
12490991,0,977.9,298.504,28.07,3998474
12513005,0,977.88,298.675,28.07,3998474
12524998,0,977.8,299.361,28.07,3998474
12536508,0,977.83,299.104,28.07,3998474
12557991,0,977.88,298.675,28.07,3998474
12569002,0,977.88,298.675,28.07,3998474
12578991,0,977.84,299.018,28.07,3998474
12600129,0,977.84,299.018,28.07,3998474
12610991,0,977.87,298.761,28.07,3998474
12621348,0,977.87,298.761,28.07,3998474
12643002,0,977.87,298.761,28.07,3998474
12654001,0,977.84,299.018,28.07,3998474
12665001,0,977.87,298.761,28.07,3998474
12685991,0,977.87,298.761,28.08,3998474
12696155,0,977.87,298.761,28.08,3998474
12706991,0,977.84,299.018,28.08,3998474
12728472,0,977.87,298.761,28.08,3998474
12739067,0,977.84,299.018,28.08,3998474
12750006,0,977.89,298.59,28.08,3998474
12770991,0,977.88,298.675,28.08,3998474
12781991,0,977.89,298.59,28.08,3998474
12792120,0,977.86,298.847,28.08,3998474
12813320,0,977.86,298.847,28.09,3998474
12824434,0,977.85,298.932,28.09,3998474
12835016,0,977.85,298.932,28.09,3998474
12856991,0,977.89,298.59,28.08,3998474
12866991,0,977.82,299.189,28.08,3998474
12877991,0,977.88,298.675,28.08,3998474
12900165,0,977.86,298.847,28.08,3998474
12911003,0,977.82,299.189,28.08,3998474
12922009,0,977.87,298.761,28.08,3998474
12945257,0,977.85,298.932,28.08,3998474
12956538,0,977.85,298.932,28.08,3998474
12967032,0,977.9,298.504,28.08,3998474
12989012,0,977.84,299.018,28.09,3998474
12998991,0,977.9,298.504,28.09,3998474
13010019,0,977.92,298.333,28.09,3998474
13030991,0,977.92,298.333,28.08,3998474
13041296,0,977.89,298.59,28.08,3998474
13052002,0,977.81,299.275,28.08,3998474
13074029,0,977.91,298.418,28.09,3998474
13085012,0,977.82,299.189,28.09,3998474
13095991,0,977.87,298.761,28.09,3998474
13117991,0,977.88,298.675,28.08,3998474
13129001,0,977.86,298.847,28.08,3998474
13139991,0,977.87,298.761,28.08,3998474
13162928,0,977.83,299.104,28.09,3998474
13175679,0,977.92,298.333,28.09,3998474
13186914,0,977.87,298.761,28.09,3998474
13210921,0,977.84,299.018,28.08,3998474
13223671,0,977.87,298.761,28.08,3998474
13234888,0,977.84,299.018,28.08,3998474
13259419,0,977.83,299.104,28.08,3998474
13271823,0,977.85,298.932,28.08,3998474
13282914,0,977.83,299.104,28.08,3998474
13306932,0,977.84,299.018,28.08,3998474
13319743,0,977.87,298.761,28.08,3998474
13330878,0,977.87,298.761,28.08,3998474
13354949,0,977.88,298.675,28.08,3998474
13367672,0,977.83,299.104,28.08,3998474
13378902,0,977.89,298.59,28.08,3998474
13402883,0,977.86,298.847,28.08,3998474
13415699,0,977.86,298.847,28.08,3998474
13426944,0,977.79,299.447,28.08,3998474
13450898,0,977.86,298.847,28.08,3998474
13463722,0,977.83,299.104,28.08,3998474
13474916,0,977.94,298.161,28.08,3998474
13498856,0,977.84,299.018,28.08,3998474
13511645,0,977.85,298.932,28.08,3998474
13522926,0,977.87,298.761,28.08,3998474
13547154,0,977.88,298.675,28.08,3998474
13559392,0,977.81,299.275,28.08,3998474
13571132,0,977.88,298.675,28.08,3998474
13595135,0,977.87,298.761,28.08,3998474
13607356,0,977.89,298.59,28.08,3998474
13619198,0,977.85,298.932,28.08,3998474
13643176,0,977.91,298.418,28.08,3998474
13655337,0,977.85,298.932,28.08,3998474
13667107,0,977.91,298.418,28.08,3998474
13691157,0,977.82,299.189,28.07,3998474
13703382,0,977.8,299.361,28.07,3998474
13715131,0,977.84,299.018,28.07,3998474
13739123,0,977.9,298.504,28.08,3998474
13751421,0,977.87,298.761,28.08,3998474
13762009,0,977.84,299.018,28.08,3998474
13784126,0,977.84,299.018,28.08,3998474
13795058,0,977.84,299.018,28.08,3998474
13806006,0,977.85,298.932,28.08,3998474
13828121,0,977.87,298.761,28.09,3998474
13839007,0,977.81,299.275,28.09,3998474
13849291,0,977.82,299.189,28.09,3998474
13870991,0,977.89,298.59,28.09,3998474
13881991,0,977.86,298.847,28.09,3998474
13892991,0,977.91,298.418,28.09,3998474
13914002,0,977.85,298.932,28.09,3998474
13924109,0,977.88,298.675,28.09,3998474
13935021,0,977.8,299.361,28.09,3998474
13956444,0,977.9,298.504,28.1,3998474
13966991,0,977.87,298.761,28.1,3998474
13977991,0,977.9,298.504,28.1,3998474
14000265,0,977.85,298.932,28.1,3998474
14010991,0,977.88,298.675,28.1,3998474
14022016,0,977.83,299.104,28.1,3998474
14044059,0,977.83,299.104,28.1,3998474
14054991,0,977.87,298.761,28.1,3998474
14066018,0,977.82,299.189,28.1,3998474
14089296,0,977.86,298.847,28.1,3998474
14100596,0,977.85,298.932,28.1,3998474
14111019,0,977.89,298.59,28.1,3998474
14132991,0,977.8,299.361,28.1,3998474
14142991,0,977.8,299.361,28.1,3998474
14153995,0,977.8,299.361,28.1,3998474
14174990,0,977.88,298.675,28.1,3998474
14185137,0,977.83,299.104,28.1,3998474
14197254,0,977.85,298.932,28.1,3998474
14219017,0,977.89,298.59,28.1,3998474
14230002,0,977.89,298.59,28.1,3998474
14241004,0,977.83,299.104,28.1,3998474
14262001,0,977.85,298.932,28.11,3998474
14272097,0,977.88,298.675,28.11,3998474
14282991,0,977.89,298.59,28.11,3998474
14304468,0,977.88,298.675,28.11,3998474
14315000,0,977.85,298.932,28.11,3998474
14325991,0,977.84,299.018,28.11,3998474
14348097,0,977.87,298.761,28.11,3998474
14358991,0,977.86,298.847,28.11,3998474
14370000,0,977.89,298.59,28.11,3998474
14392056,0,977.89,298.59,28.11,3998474
14403000,0,977.86,298.847,28.11,3998474
14413991,0,977.89,298.59,28.11,3998474
14436002,0,977.85,298.932,28.12,3998474
14446991,0,977.85,298.932,28.12,3998474
14457991,0,977.85,298.932,28.12,3998474
14480002,0,977.88,298.675,28.12,3998474
14490991,0,977.89,298.59,28.12,3998474
14502022,0,977.9,298.504,28.12,3998474
14523991,0,977.89,298.59,28.11,3998474
14535059,0,977.86,298.847,28.11,3998474
14546138,0,977.77,299.618,28.11,3998474
14567991,0,977.88,298.675,28.11,3998474
14578991,0,977.86,298.847,28.11,3998474
14589991,0,977.85,298.932,28.11,3998474
14610991,0,977.9,298.504,28.12,3998474
14621004,0,977.77,299.618,28.12,3998474
14632005,0,977.89,298.59,28.12,3998474
14653748,0,977.87,298.761,28.12,3998474
14663991,0,977.8,299.361,28.12,3998474
14674991,0,977.87,298.761,28.12,3998474
14697020,0,977.88,298.675,28.13,3998474
14708001,0,977.88,298.675,28.13,3998474
14719002,0,977.85,298.932,28.13,3998474
14741023,0,977.89,298.59,28.13,3998474
14751391,0,977.85,298.932,28.13,3998474
14763182,0,977.86,298.847,28.13,3998474
14787366,0,977.85,298.932,28.12,3998474
14799217,0,977.84,299.018,28.12,3998474
14811355,0,977.86,298.847,28.12,3998474
14835384,0,977.89,298.59,28.12,3998474
14847158,0,977.88,298.675,28.12,3998474
14859409,0,977.83,299.104,28.12,3998474
14883424,0,977.88,298.675,28.12,3998474
14895702,0,977.85,298.932,28.12,3998474
14906913,0,977.85,298.932,28.12,3998474
14930910,0,977.85,298.932,28.12,3998474
14943746,0,977.88,298.675,28.12,3998474
14954947,0,977.84,299.018,28.12,3998474
14978942,0,977.86,298.847,28.12,3998474
14991699,0,977.87,298.761,28.12,3998474
15002934,0,977.84,299.018,28.12,3998474
15026863,0,977.89,298.59,28.12,3998474
15039849,0,977.87,298.761,28.12,3998474
15050908,0,977.79,299.447,28.12,3998474
15074005,0,977.86,298.847,28.12,3998474
15085005,0,977.85,298.932,28.12,3998474
15096005,0,977.87,298.761,28.12,3998474
15118036,0,977.86,298.847,28.12,3998474
15129005,0,977.86,298.847,28.12,3998474
15140137,0,977.83,299.104,28.12,3998474
15162006,0,977.83,299.104,28.12,3998474
15173005,0,977.83,299.104,28.12,3998474
15185046,0,977.81,299.275,28.12,3998474
15207005,0,977.86,298.847,28.12,3998474
15218005,0,977.86,298.847,28.12,3998474
15229005,0,977.86,298.847,28.12,3998474
15250991,0,977.83,299.104,28.13,3998474
15262001,0,977.83,299.104,28.13,3998474
15272991,0,977.9,298.504,28.13,3998474
15294992,0,977.83,299.104,28.12,3998474
15306136,0,977.84,299.018,28.12,3998474
15317003,0,977.81,299.275,28.12,3998474
15338991,0,977.86,298.847,28.13,3998474
15348991,0,977.9,298.504,28.13,3998474
15359992,0,977.84,299.018,28.13,3998474
15381991,0,977.89,298.59,28.13,3998474
15393032,0,977.88,298.675,28.13,3998474
15404039,0,977.9,298.504,28.13,3998474
15426544,0,977.86,298.847,28.13,3998474
15437002,0,977.83,299.104,28.13,3998474
15447990,0,977.8,299.361,28.13,3998474
15468991,0,977.91,298.418,28.14,3998474
15479991,0,977.9,298.504,28.14,3998474
15490515,0,977.79,299.447,28.14,3998474
15511990,0,977.88,298.675,28.14,3998474
15523705,0,977.88,298.675,28.14,3998474
15535432,0,977.88,298.675,28.14,3998474
15559423,0,977.86,298.847,28.14,3998474
15571258,0,977.85,298.932,28.14,3998474
15583382,0,977.81,299.275,28.14,3998474
15607354,0,977.87,298.761,28.14,3998474
15619158,0,977.85,298.932,28.14,3998474
15631378,0,977.86,298.847,28.14,3998474
15654076,0,977.9,298.504,28.13,3998474
15665006,0,977.84,299.018,28.13,3998474
15676006,0,977.82,299.189,28.13,3998474
15696991,0,977.9,298.504,28.14,3998474
15707252,0,977.86,298.847,28.14,3998474
15718002,0,977.87,298.761,28.14,3998474
15740000,0,977.87,298.761,28.14,3998474
15750991,0,977.86,298.847,28.14,3998474
15761991,0,977.82,299.189,28.14,3998474
15783025,0,977.86,298.847,28.14,3998474
15792993,0,977.9,298.504,28.14,3998474
15804025,0,977.8,299.361,28.14,3998474
15825260,0,977.89,298.59,28.15,3998474
15836006,0,977.9,298.504,28.15,3998474
15847002,0,977.88,298.675,28.15,3998474
15867991,0,977.88,298.675,28.15,3998474
15878991,0,977.83,299.104,28.15,3998474
15889991,0,977.88,298.675,28.15,3998474
15912001,0,977.81,299.275,28.15,3998474
15922139,0,977.87,298.761,28.15,3998474
15933341,0,977.87,298.761,28.15,3998474
15955026,0,977.9,298.504,28.15,3998474
15966002,0,977.89,298.59,28.15,3998474
15976003,0,977.81,299.275,28.15,3998474
15997002,0,977.86,298.847,28.15,3998474
16007990,0,977.88,298.675,28.15,3998474
16018161,0,977.79,299.447,28.15,3998474
16040005,0,977.84,299.018,28.15,3998474
16051003,0,977.86,298.847,28.15,3998474
16062004,0,977.86,298.847,28.15,3998474
16082998,0,977.86,298.847,28.16,3998474
16093018,0,977.88,298.675,28.16,3998474
16103991,0,977.84,299.018,28.16,3998474
16125438,0,977.86,298.847,28.15,3998474
16135991,0,977.83,299.104,28.15,3998474
16146991,0,977.86,298.847,28.15,3998474
16167991,0,977.85,298.932,28.16,3998474
16178990,0,977.85,298.932,28.16,3998474
16190000,0,977.85,298.932,28.16,3998474
16211991,0,977.85,298.932,28.16,3998474
16223002,0,977.88,298.675,28.16,3998474
16234018,0,977.81,299.275,28.16,3998474
16256034,0,977.89,298.59,28.16,3998474
16267002,0,977.86,298.847,28.16,3998474
16278002,0,977.76,299.704,28.16,3998474
16298992,0,977.83,299.104,28.16,3998474
16309991,0,977.86,298.847,28.16,3998474
16321032,0,977.86,298.847,28.16,3998474
16342991,0,977.86,298.847,28.16,3998474
16354006,0,977.86,298.847,28.16,3998474
16366474,0,977.85,298.932,28.16,3998474
16388002,0,977.87,298.761,28.16,3998474
16399045,0,977.89,298.59,28.16,3998474
16410002,0,977.89,298.59,28.16,3998474
16430991,0,977.85,298.932,28.16,3998474
16441039,0,977.83,299.104,28.16,3998474
16452001,0,977.84,299.018,28.16,3998474
16473773,0,977.88,298.675,28.16,3998474
16485273,0,977.79,299.447,28.16,3998474
16496005,0,977.86,298.847,28.16,3998474
16518039,0,977.87,298.761,28.16,3998474
16529004,0,977.85,298.932,28.16,3998474
16540069,0,977.83,299.104,28.16,3998474
16562005,0,977.86,298.847,28.17,3998474
16572462,0,977.91,298.418,28.17,3998474
16583717,0,977.85,298.932,28.17,3998474
16604991,0,977.83,299.104,28.17,3998474
16615991,0,977.89,298.59,28.17,3998474
16625991,0,977.86,298.847,28.17,3998474
16647356,0,977.84,299.018,28.17,3998474
16657991,0,977.89,298.59,28.17,3998474
16668990,0,977.86,298.847,28.17,3998474
16691944,0,977.87,298.761,28.17,3998474
16703008,0,977.86,298.847,28.17,3998474
16714008,0,977.85,298.932,28.17,3998474
16736093,0,977.88,298.675,28.17,3998474
16747039,0,977.84,299.018,28.17,3998474
16758008,0,977.82,299.189,28.17,3998474
16780007,0,977.88,298.675,28.17,3998474
16791036,0,977.79,299.447,28.17,3998474
16801995,0,977.86,298.847,28.17,3998474
16824003,0,977.88,298.675,28.17,3998474
16835004,0,977.83,299.104,28.17,3998474
16846010,0,977.86,298.847,28.17,3998474
16866991,0,977.89,298.59,28.17,3998474
16876994,0,977.87,298.761,28.17,3998474
16887991,0,977.86,298.847,28.17,3998474
16909289,0,977.85,298.932,28.17,3998474
16919990,0,977.8,299.361,28.17,3998474
16930991,0,977.8,299.361,28.17,3998474
16953074,0,977.78,299.532,28.18,3998474
16963991,0,977.86,298.847,28.18,3998474
16975016,0,977.84,299.018,28.18,3998474
16996993,0,977.81,299.275,28.17,3998474
17008010,0,977.87,298.761,28.17,3998474
17019143,0,977.82,299.189,28.17,3998474
17043196,0,977.88,298.675,28.18,3998474
17055331,0,977.85,298.932,28.18,3998474
17067162,0,977.82,299.189,28.18,3998474
17091196,0,977.86,298.847,28.18,3998474
17103397,0,977.84,299.018,28.18,3998474
17115137,0,977.86,298.847,28.18,3998474
17137002,0,977.86,298.847,28.18,3998474
17148021,0,977.84,299.018,28.18,3998474
17158991,0,977.85,298.932,28.18,3998474
17179991,0,977.87,298.761,28.18,3998474
17190553,0,977.77,299.618,28.18,3998474
17201016,0,977.8,299.361,28.18,3998474
17223412,0,977.89,298.59,28.18,3998474
17234955,0,977.89,298.59,28.18,3998474
17247781,0,977.83,299.104,28.18,3998474
17269002,0,977.9,298.504,28.18,3998474
17279991,0,977.85,298.932,28.18,3998474
17290990,0,977.81,299.275,28.18,3998474
17311990,0,977.89,298.59,28.18,3998474
17322515,0,977.82,299.189,28.18,3998474
17332990,0,977.89,298.59,28.18,3998474
17353991,0,977.87,298.761,28.18,3998474
17365002,0,977.86,298.847,28.18,3998474
17375991,0,977.83,299.104,28.18,3998474
17397991,0,977.84,299.018,28.19,3998474
17408991,0,977.86,298.847,28.19,3998474
17419288,0,977.8,299.361,28.19,3998474
17440140,0,977.85,298.932,28.19,3998474
17452164,0,977.87,298.761,28.19,3998474
17464535,0,977.83,299.104,28.19,3998474
17486033,0,977.87,298.761,28.19,3998474
17497001,0,977.82,299.189,28.19,3998474
17508004,0,977.85,298.932,28.19,3998474
17528991,0,977.84,299.018,28.19,3998474
17539991,0,977.9,298.504,28.19,3998474
17551307,0,977.84,299.018,28.19,3998474
17572557,0,977.86,298.847,28.19,3998474
17583617,0,977.83,299.104,28.19,3998474
17593991,0,977.87,298.761,28.19,3998474
17615991,0,977.83,299.104,28.2,3998474
17627300,0,977.87,298.761,28.2,3998474
17638036,0,977.82,299.189,28.2,3998474
17659991,0,977.84,299.018,28.2,3998474
17671306,0,977.81,299.275,28.2,3998474
17681991,0,977.84,299.018,28.2,3998474
17704153,0,977.83,299.104,28.2,3998474
17715035,0,977.83,299.104,28.2,3998474
17726004,0,977.82,299.189,28.2,3998474
17746991,0,977.83,299.104,28.2,3998474
17757991,0,977.84,299.018,28.2,3998474
17769037,0,977.89,298.59,28.2,3998474
17790991,0,977.88,298.675,28.2,3998474
17801998,0,977.85,298.932,28.2,3998474
17814130,0,977.83,299.104,28.2,3998474
17836005,0,977.9,298.504,28.2,3998474
17847005,0,977.85,298.932,28.2,3998474
17858005,0,977.83,299.104,28.2,3998474
17880005,0,977.83,299.104,28.2,3998474
17891005,0,977.79,299.447,28.2,3998474
17902010,0,977.86,298.847,28.2,3998474
17924005,0,977.84,299.018,28.2,3998474
17934995,0,977.84,299.018,28.2,3998474
17946163,0,977.85,298.932,28.2,3998474
17968016,0,977.87,298.761,28.2,3998474
17979000,0,977.83,299.104,28.2,3998474
17989991,0,977.85,298.932,28.2,3998474
18011990,0,977.83,299.104,28.2,3998474
18022991,0,977.87,298.761,28.2,3998474
18033990,0,977.85,298.932,28.2,3998474
18056002,0,977.85,298.932,28.2,3998474
18067006,0,977.85,298.932,28.2,3998474
18078624,0,977.86,298.847,28.2,3998474
18100033,0,977.84,299.018,28.2,3998474
18111016,0,977.87,298.761,28.2,3998474
18121991,0,977.86,298.847,28.2,3998474
18143991,0,977.83,299.104,28.21,3998474
18154991,0,977.85,298.932,28.21,3998474
18165993,0,977.84,299.018,28.21,3998474
18187994,0,977.85,298.932,28.21,3998474
18199006,0,977.86,298.847,28.21,3998474
18211352,0,977.83,299.104,28.21,3998474
18235341,0,977.84,299.018,28.21,3998474
18247088,0,977.86,298.847,28.21,3998474
18258036,0,977.89,298.59,28.21,3998474
18280243,0,977.88,298.675,28.21,3998474
18291006,0,977.88,298.675,28.21,3998474
18302004,0,977.84,299.018,28.21,3998474
18324089,0,977.84,299.018,28.21,3998474
18335004,0,977.86,298.847,28.21,3998474
18345367,0,977.8,299.361,28.21,3998474
18366991,0,977.84,299.018,28.21,3998474
18377991,0,977.86,298.847,28.21,3998474
18388991,0,977.86,298.847,28.21,3998474
18409990,0,977.86,298.847,28.21,3998474
18421079,0,977.83,299.104,28.21,3998474
18431991,0,977.84,299.018,28.21,3998474
18453375,0,977.86,298.847,28.22,3998474
18463991,0,977.86,298.847,28.22,3998474
18474991,0,977.89,298.59,28.22,3998474
18496991,0,977.76,299.704,28.22,3998474
18508002,0,977.84,299.018,28.22,3998474
18519023,0,977.83,299.104,28.22,3998474
18541007,0,977.86,298.847,28.22,3998474
18551991,0,977.86,298.847,28.22,3998474
18562991,0,977.84,299.018,28.22,3998474
18585320,0,977.9,298.504,28.22,3998474
18595994,0,977.85,298.932,28.22,3998474
18606991,0,977.84,299.018,28.22,3998474
18629030,0,977.85,298.932,28.22,3998474
18640002,0,977.81,299.275,28.22,3998474
18651002,0,977.85,298.932,28.22,3998474
18673032,0,977.92,298.333,28.23,3998474
18683991,0,977.89,298.59,28.23,3998474
18694070,0,977.86,298.847,28.23,3998474
18716002,0,977.82,299.189,28.22,3998474
18727002,0,977.86,298.847,28.22,3998474
18738002,0,977.83,299.104,28.22,3998474
18758991,0,977.86,298.847,28.22,3998474
18769001,0,977.84,299.018,28.22,3998474
18780001,0,977.85,298.932,28.22,3998474
18801249,0,977.83,299.104,28.23,3998474
18812035,0,977.85,298.932,28.23,3998474
18823004,0,977.84,299.018,28.23,3998474
18845045,0,977.86,298.847,28.23,3998474
18856009,0,977.84,299.018,28.23,3998474
18867003,0,977.84,299.018,28.23,3998474
18889010,0,977.86,298.847,28.23,3998474
18900032,0,977.85,298.932,28.23,3998474
18911003,0,977.84,299.018,28.23,3998474
18933738,0,977.89,298.59,28.23,3998474
18943991,0,977.83,299.104,28.23,3998474
18955016,0,977.92,298.333,28.23,3998474
18976990,0,977.88,298.675,28.24,3998474
18987991,0,977.87,298.761,28.24,3998474
18998990,0,977.87,298.761,28.24,3998474
19020990,0,977.85,298.932,28.24,3998474
19031991,0,977.84,299.018,28.24,3998474
19043703,0,977.86,298.847,28.24,3998474
19064990,0,977.83,299.104,28.24,3998474
19076000,0,977.85,298.932,28.24,3998474
19086990,0,977.8,299.361,28.24,3998474
19107990,0,977.83,299.104,28.24,3998474
19118452,0,977.82,299.189,28.24,3998474
19129005,0,977.82,299.189,28.24,3998474
19150865,0,977.83,299.104,28.24,3998474
19163716,0,977.79,299.447,28.24,3998474
19175387,0,977.84,299.018,28.24,3998474
19197002,0,977.86,298.847,28.24,3998474
19207991,0,977.82,299.189,28.24,3998474
19219007,0,977.83,299.104,28.24,3998474
19240991,0,977.9,298.504,28.24,3998474
19251991,0,977.87,298.761,28.24,3998474
19262991,0,977.86,298.847,28.24,3998474
19284991,0,977.87,298.761,28.24,3998474
19295990,0,977.88,298.675,28.24,3998474
19307037,0,977.81,299.275,28.24,3998474
19328992,0,977.88,298.675,28.24,3998474
19340002,0,977.87,298.761,28.24,3998474
19350991,0,977.83,299.104,28.24,3998474
19372991,0,977.88,298.675,28.25,3998474
19383995,0,977.84,299.018,28.25,3998474
19395038,0,977.85,298.932,28.25,3998474
19417002,0,977.86,298.847,28.24,3998474
19427991,0,977.8,299.361,28.24,3998474
19438991,0,977.84,299.018,28.24,3998474
19459991,0,977.85,298.932,28.24,3998474
19471016,0,977.9,298.504,28.24,3998474
19481993,0,977.81,299.275,28.24,3998474
19504002,0,977.84,299.018,28.25,3998474
19515010,0,977.88,298.675,28.25,3998474
19526616,0,977.82,299.189,28.25,3998474
19547991,0,977.87,298.761,28.25,3998474
19558991,0,977.84,299.018,28.25,3998474
19569995,0,977.87,298.761,28.25,3998474
19591991,0,977.84,299.018,28.25,3998474
19602991,0,977.83,299.104,28.25,3998474
19614016,0,977.83,299.104,28.25,3998474
19636002,0,977.89,298.59,28.25,3998474
19647013,0,977.87,298.761,28.25,3998474
19658583,0,977.85,298.932,28.25,3998474
19679991,0,977.8,299.361,28.25,3998474
19690991,0,977.79,299.447,28.25,3998474
19701991,0,977.87,298.761,28.25,3998474
19724001,0,977.88,298.675,28.25,3998474
19734991,0,977.87,298.761,28.25,3998474
19745991,0,977.88,298.675,28.25,3998474
19767631,0,977.82,299.189,28.25,3998474
19778035,0,977.89,298.59,28.25,3998474
19789003,0,977.84,299.018,28.25,3998474
19811352,0,977.87,298.761,28.26,3998474
19822003,0,977.87,298.761,28.26,3998474
19833003,0,977.86,298.847,28.26,3998474
19854022,0,977.82,299.189,28.26,3998474
19864518,0,977.86,298.847,28.26,3998474
19875651,0,977.84,299.018,28.26,3998474
19897003,0,977.83,299.104,28.26,3998474
19908009,0,977.82,299.189,28.26,3998474
19919333,0,977.84,299.018,28.26,3998474
19941033,0,977.94,298.161,28.26,3998474
19952006,0,977.91,298.418,28.26,3998474
19963345,0,977.85,298.932,28.26,3998474
19985325,0,977.82,299.189,28.26,3998474
19996003,0,977.85,298.932,28.26,3998474
20007000,0,977.83,299.104,28.26,3998474
20028998,0,977.85,298.932,28.27,3998474
20040002,0,977.84,299.018,28.27,3998474
20050991,0,977.86,298.847,28.27,3998474
20073019,0,977.89,298.59,28.26,3998474
20083991,0,977.87,298.761,28.26,3998474
20094990,0,977.86,298.847,28.26,3998474
20118099,0,977.84,299.018,28.26,3998474
20129334,0,977.83,299.104,28.26,3998474
20140002,0,977.86,298.847,28.26,3998474
20162002,0,977.86,298.847,28.27,3998474
20172021,0,977.86,298.847,28.27,3998474
20182991,0,977.84,299.018,28.27,3998474
20203991,0,977.9,298.504,28.27,3998474
20214179,0,977.81,299.275,28.27,3998474
20225800,0,977.81,299.275,28.27,3998474
20248002,0,977.85,298.932,28.27,3998474
20258991,0,977.86,298.847,28.27,3998474
20270047,0,977.85,298.932,28.27,3998474
20292016,0,977.85,298.932,28.27,3998474
20303000,0,977.81,299.275,28.27,3998474
20313990,0,977.77,299.618,28.27,3998474
20335990,0,977.88,298.675,28.28,3998474
20346055,0,977.9,298.504,28.28,3998474
20357359,0,977.85,298.932,28.28,3998474
20378990,0,977.87,298.761,28.27,3998474
20390003,0,977.88,298.675,28.27,3998474
20399990,0,977.85,298.932,28.27,3998474
20421007,0,977.88,298.675,28.28,3998474
20431994,0,977.86,298.847,28.28,3998474
20442138,0,977.84,299.018,28.28,3998474
20464004,0,977.84,299.018,28.28,3998474
20475005,0,977.85,298.932,28.28,3998474
20486057,0,977.81,299.275,28.28,3998474
20506991,0,977.86,298.847,28.28,3998474
20517071,0,977.84,299.018,28.28,3998474
20528004,0,977.88,298.675,28.28,3998474
20550171,0,977.85,298.932,28.28,3998474
20560991,0,977.85,298.932,28.28,3998474
20571991,0,977.84,299.018,28.28,3998474
20593991,0,977.86,298.847,28.29,3998474
20604991,0,977.83,299.104,28.29,3998474
20615991,0,977.84,299.018,28.29,3998474
20637994,0,977.82,299.189,28.28,3998474
20648000,0,977.84,299.018,28.28,3998474
20660263,0,977.88,298.675,28.28,3998474
20684234,0,977.8,299.361,28.28,3998474
20695962,0,977.88,298.675,28.28,3998474
20708193,0,977.82,299.189,28.28,3998474
20732213,0,977.9,298.504,28.28,3998474
20743941,0,977.82,299.189,28.28,3998474
20756243,0,977.84,299.018,28.28,3998474
20780347,0,977.9,298.504,28.28,3998474
20792485,0,977.8,299.361,28.28,3998474
20803720,0,977.87,298.761,28.28,3998474
20825003,0,977.8,299.361,28.28,3998474
20836003,0,977.86,298.847,28.28,3998474
20845991,0,977.82,299.189,28.28,3998474
20867300,0,977.84,299.018,28.28,3998474
20878002,0,977.86,298.847,28.28,3998474
20888447,0,977.81,299.275,28.28,3998474
20910007,0,977.83,299.104,28.29,3998474
20921001,0,977.85,298.932,28.29,3998474
20931991,0,977.87,298.761,28.29,3998474
20954016,0,977.92,298.333,28.28,3998474
20965027,0,977.82,299.189,28.28,3998474
20975991,0,977.88,298.675,28.28,3998474
20997991,0,977.87,298.761,28.29,3998474
21008192,0,977.85,298.932,28.29,3998474
21019007,0,977.81,299.275,28.29,3998474
21041006,0,977.83,299.104,28.29,3998474
21052144,0,977.86,298.847,28.29,3998474
21063007,0,977.86,298.847,28.29,3998474
21084050,0,977.85,298.932,28.3,3998474
21094991,0,977.86,298.847,28.3,3998474
21106615,0,977.87,298.761,28.3,3998474
21128045,0,977.84,299.018,28.3,3998474
21139016,0,977.87,298.761,28.3,3998474
21148991,0,977.85,298.932,28.3,3998474
21170487,0,977.84,299.018,28.3,3998474
21181101,0,977.84,299.018,28.3,3998474
21191175,0,977.89,298.59,28.3,3998474
21215126,0,977.86,298.847,28.3,3998474
21227373,0,977.87,298.761,28.3,3998474
21239828,0,977.85,298.932,28.3,3998474
21263691,0,977.84,299.018,28.3,3998474
21274884,0,977.84,299.018,28.3,3998474
21287720,0,977.79,299.447,28.3,3998474
21311684,0,977.89,298.59,28.3,3998474
21322967,0,977.77,299.618,28.3,3998474
21335347,0,977.9,298.504,28.3,3998474
21359369,0,977.84,299.018,28.3,3998474
21371264,0,977.88,298.675,28.3,3998474
21383432,0,977.86,298.847,28.3,3998474
21407393,0,977.83,299.104,28.3,3998474
21419167,0,977.85,298.932,28.3,3998474
21430883,0,977.83,299.104,28.3,3998474
21454973,0,977.84,299.018,28.3,3998474
21467764,0,977.82,299.189,28.3,3998474
21477991,0,977.87,298.761,28.3,3998474
21500001,0,977.87,298.761,28.29,3998474
21511318,0,977.85,298.932,28.29,3998474
21522034,0,977.81,299.275,28.29,3998474
21543337,0,977.84,299.018,28.3,3998474
21553991,0,977.78,299.532,28.3,3998474
21564505,0,977.84,299.018,28.3,3998474
21585991,0,977.85,298.932,28.31,3998474
21596991,0,977.91,298.418,28.31,3998474
21607991,0,977.85,298.932,28.31,3998474
21629028,0,977.85,298.932,28.3,3998474
21639354,0,977.81,299.275,28.3,3998474
21650026,0,977.86,298.847,28.3,3998474
21671937,0,977.88,298.675,28.31,3998474
21684227,0,977.82,299.189,28.31,3998474
21696412,0,977.84,299.018,28.31,3998474
21717991,0,977.84,299.018,28.31,3998474
21728994,0,977.89,298.59,28.31,3998474
21739991,0,977.89,298.59,28.31,3998474
21760991,0,977.86,298.847,28.31,3998474
21771327,0,977.86,298.847,28.31,3998474
21781991,0,977.84,299.018,28.31,3998474
21804165,0,977.9,298.504,28.31,3998474
21815902,0,977.81,299.275,28.31,3998474
21828218,0,977.77,299.618,28.31,3998474
21852229,0,977.85,298.932,28.31,3998474
21863929,0,977.88,298.675,28.31,3998474
21876195,0,977.78,299.532,28.31,3998474
21900261,0,977.82,299.189,28.31,3998474
21912534,0,977.87,298.761,28.31,3998474
21923665,0,977.86,298.847,28.31,3998474
21945005,0,977.79,299.447,28.31,3998474
21956005,0,977.87,298.761,28.31,3998474
21966031,0,977.82,299.189,28.31,3998474
21987248,0,977.86,298.847,28.31,3998474
21997991,0,977.86,298.847,28.31,3998474
22008198,0,977.81,299.275,28.31,3998474
22032131,0,977.84,299.018,28.32,3998474
22043002,0,977.83,299.104,28.32,3998474
22054009,0,977.82,299.189,28.32,3998474
22076003,0,977.83,299.104,28.32,3998474
22086991,0,977.88,298.675,28.32,3998474
22097991,0,977.81,299.275,28.32,3998474
22120016,0,977.85,298.932,28.32,3998474
22130001,0,977.87,298.761,28.32,3998474
22141592,0,977.86,298.847,28.32,3998474
22162990,0,977.88,298.675,28.32,3998474
22173991,0,977.88,298.675,28.32,3998474
22184990,0,977.87,298.761,28.32,3998474
22207011,0,977.78,299.532,28.33,3998474
22217991,0,977.83,299.104,28.33,3998474
22229021,0,977.8,299.361,28.33,3998474
22250046,0,977.86,298.847,28.33,3998474
22261573,0,977.81,299.275,28.33,3998474
22272059,0,977.81,299.275,28.33,3998474
22294011,0,977.83,299.104,28.33,3998474
22304002,0,977.84,299.018,28.33,3998474
22315002,0,977.84,299.018,28.33,3998474
22336063,0,977.85,298.932,28.34,3998474
22346096,0,977.87,298.761,28.34,3998474
22357320,0,977.8,299.361,28.34,3998474
22379002,0,977.84,299.018,28.34,3998474
22390026,0,977.84,299.018,28.34,3998474
22400996,0,977.85,298.932,28.34,3998474
22423002,0,977.82,299.189,28.33,3998474
22434002,0,977.81,299.275,28.33,3998474
22445002,0,977.83,299.104,28.33,3998474
22466992,0,977.83,299.104,28.33,3998474
22478535,0,977.86,298.847,28.33,3998474
22489002,0,977.87,298.761,28.33,3998474
22511035,0,977.82,299.189,28.34,3998474
22522002,0,977.86,298.847,28.34,3998474
22533022,0,977.83,299.104,28.34,3998474
22554990,0,977.87,298.761,28.34,3998474
22565991,0,977.87,298.761,28.34,3998474
22576991,0,977.85,298.932,28.34,3998474
22598992,0,977.8,299.361,28.34,3998474
22610159,0,977.89,298.59,28.34,3998474
22621007,0,977.82,299.189,28.34,3998474
22642990,0,977.83,299.104,28.34,3998474
22654049,0,977.85,298.932,28.34,3998474
22664991,0,977.87,298.761,28.34,3998474
22686991,0,977.82,299.189,28.34,3998474
22697991,0,977.86,298.847,28.34,3998474
22708991,0,977.88,298.675,28.34,3998474
22730992,0,977.88,298.675,28.35,3998474
22742323,0,977.87,298.761,28.35,3998474
22753001,0,977.84,299.018,28.35,3998474
22774991,0,977.86,298.847,28.35,3998474
22785993,0,977.87,298.761,28.35,3998474
22797065,0,977.83,299.104,28.35,3998474
22819022,0,977.87,298.761,28.34,3998474
22829991,0,977.86,298.847,28.34,3998474
22841031,0,977.85,298.932,28.34,3998474
22863016,0,977.85,298.932,28.35,3998474
22874140,0,977.85,298.932,28.35,3998474
22885002,0,977.79,299.447,28.35,3998474
22906991,0,977.83,299.104,28.35,3998474
22917991,0,977.87,298.761,28.35,3998474
22929000,0,977.8,299.361,28.35,3998474
22950991,0,977.85,298.932,28.35,3998474
22961991,0,977.86,298.847,28.35,3998474
22972991,0,977.86,298.847,28.35,3998474
22994992,0,977.84,299.018,28.35,3998474
23006125,0,977.85,298.932,28.35,3998474
23017004,0,977.84,299.018,28.35,3998474
23038991,0,977.88,298.675,28.36,3998474
23050020,0,977.84,299.018,28.36,3998474
23060991,0,977.85,298.932,28.36,3998474
23081991,0,977.86,298.847,28.35,3998474
23092547,0,977.84,299.018,28.35,3998474
23104209,0,977.89,298.59,28.35,3998474
23128197,0,977.88,298.675,28.35,3998474
23139995,0,977.8,299.361,28.35,3998474
23152235,0,977.85,298.932,28.35,3998474
23173991,0,977.88,298.675,28.36,3998474
23184991,0,977.87,298.761,28.36,3998474
23196021,0,977.79,299.447,28.36,3998474
23217030,0,977.85,298.932,28.36,3998474
23227284,0,977.89,298.59,28.36,3998474
23238064,0,977.85,298.932,28.36,3998474
23259716,0,977.82,299.189,28.36,3998474
23269991,0,977.83,299.104,28.36,3998474
23280991,0,977.82,299.189,28.36,3998474
23303326,0,977.85,298.932,28.37,3998474
23314034,0,977.81,299.275,28.37,3998474
23324991,0,977.86,298.847,28.37,3998474
23347273,0,977.87,298.761,28.36,3998474
23358000,0,977.83,299.104,28.36,3998474
23368019,0,977.83,299.104,28.36,3998474
23392919,0,977.86,298.847,28.37,3998474
23403666,0,977.89,298.59,28.37,3998474
23414002,0,977.8,299.361,28.37,3998474
23435991,0,977.87,298.761,28.37,3998474
23447361,0,977.84,299.018,28.37,3998474
23458016,0,977.89,298.59,28.37,3998474
23479991,0,977.88,298.675,28.37,3998474
23491303,0,977.84,299.018,28.37,3998474
23501990,0,977.88,298.675,28.37,3998474
23524180,0,977.88,298.675,28.37,3998474
23535739,0,977.87,298.761,28.37,3998474
23546002,0,977.87,298.761,28.37,3998474
23567991,0,977.87,298.761,28.37,3998474
23577991,0,977.84,299.018,28.37,3998474
23588991,0,977.77,299.618,28.37,3998474
23609991,0,977.9,298.504,28.37,3998474
23620588,0,977.81,299.275,28.37,3998474
23632192,0,977.84,299.018,28.37,3998474
23654004,0,977.81,299.275,28.37,3998474
23665002,0,977.84,299.018,28.37,3998474
23676115,0,977.84,299.018,28.37,3998474
23697991,0,977.83,299.104,28.37,3998474
23709002,0,977.84,299.018,28.37,3998474
23720185,0,977.8,299.361,28.37,3998474
23742026,0,977.85,298.932,28.38,3998474
23752993,0,977.84,299.018,28.38,3998474
23765347,0,977.84,299.018,28.38,3998474
23787008,0,977.86,298.847,28.38,3998474
23798004,0,977.85,298.932,28.38,3998474
23809039,0,977.84,299.018,28.38,3998474
23830058,0,977.87,298.761,28.38,3998474
23840181,0,977.85,298.932,28.38,3998474
23851055,0,977.79,299.447,28.38,3998474
23872035,0,977.82,299.189,28.38,3998474
23883003,0,977.84,299.018,28.38,3998474
23894182,0,977.9,298.504,28.38,3998474
23916002,0,977.86,298.847,28.39,3998474
23926996,0,977.9,298.504,28.39,3998474
23938017,0,977.85,298.932,28.39,3998474
23960003,0,977.83,299.104,28.39,3998474
23971113,0,977.86,298.847,28.39,3998474
23982134,0,977.86,298.847,28.39,3998474
24003994,0,977.86,298.847,28.39,3998474
24015050,0,977.8,299.361,28.39,3998474
24025991,0,977.88,298.675,28.39,3998474
24047991,0,977.8,299.361,28.38,3998474
24058991,0,977.83,299.104,28.38,3998474
24069991,0,977.88,298.675,28.38,3998474
24091087,0,977.88,298.675,28.39,3998474
24102182,0,977.81,299.275,28.39,3998474
24113004,0,977.82,299.189,28.39,3998474
24134991,0,977.83,299.104,28.39,3998474
24145991,0,977.85,298.932,28.39,3998474
24157016,0,977.84,299.018,28.39,3998474
24178991,0,977.83,299.104,28.4,3998474
24189994,0,977.88,298.675,28.4,3998474
24201000,0,977.86,298.847,28.4,3998474
24223012,0,977.83,299.104,28.39,3998474
24234168,0,977.77,299.618,28.39,3998474
24245002,0,977.81,299.275,28.39,3998474
24267011,0,977.85,298.932,28.4,3998474
24277002,0,977.88,298.675,28.4,3998474
24288022,0,977.88,298.675,28.4,3998474
24309991,0,977.81,299.275,28.39,3998474
24321016,0,977.82,299.189,28.39,3998474
24331991,0,977.84,299.018,28.39,3998474
24354593,0,977.82,299.189,28.4,3998474
24365002,0,977.84,299.018,28.4,3998474
24376002,0,977.9,298.504,28.4,3998474
24398265,0,977.86,298.847,28.4,3998474
24408991,0,977.87,298.761,28.4,3998474
24419991,0,977.83,299.104,28.4,3998474
24441003,0,977.83,299.104,28.4,3998474
24451389,0,977.86,298.847,28.4,3998474
24463759,0,977.81,299.275,28.4,3998474
24485016,0,977.89,298.59,28.4,3998474
24494991,0,977.86,298.847,28.4,3998474
24506016,0,977.82,299.189,28.4,3998474
24527018,0,977.85,298.932,28.4,3998474
24537074,0,977.76,299.704,28.4,3998474
24548746,0,977.79,299.447,28.4,3998474
24569991,0,977.82,299.189,28.4,3998474
24581002,0,977.79,299.447,28.4,3998474
24591002,0,977.85,298.932,28.4,3998474
24612991,0,977.8,299.361,28.41,3998474
24624087,0,977.87,298.761,28.41,3998474
24634991,0,977.83,299.104,28.41,3998474
24656466,0,977.9,298.504,28.41,3998474
24666991,0,977.8,299.361,28.41,3998474
24678016,0,977.81,299.275,28.41,3998474
24700234,0,977.85,298.932,28.41,3998474
24711016,0,977.8,299.361,28.41,3998474
24721991,0,977.78,299.532,28.41,3998474
24744100,0,977.83,299.104,28.41,3998474
24754991,0,977.81,299.275,28.41,3998474
24765997,0,977.82,299.189,28.41,3998474
24788709,0,977.86,298.847,28.41,3998474
24798991,0,977.84,299.018,28.41,3998474
24810000,0,977.9,298.504,28.41,3998474
24832123,0,977.86,298.847,28.42,3998474
24842991,0,977.86,298.847,28.42,3998474
24853993,0,977.88,298.675,28.42,3998474
24876172,0,977.79,299.447,28.42,3998474
24886991,0,977.86,298.847,28.42,3998474
24897328,0,977.82,299.189,28.42,3998474
24919022,0,977.89,298.59,28.42,3998474
24930004,0,977.84,299.018,28.42,3998474
24941005,0,977.86,298.847,28.42,3998474
24962023,0,977.84,299.018,28.42,3998474
24972095,0,977.85,298.932,28.42,3998474
24982990,0,977.82,299.189,28.42,3998474
25004465,0,977.82,299.189,28.42,3998474
25015004,0,977.88,298.675,28.42,3998474
25026014,0,977.85,298.932,28.42,3998474
25048094,0,977.88,298.675,28.42,3998474
25059004,0,977.86,298.847,28.42,3998474
25070004,0,977.82,299.189,28.42,3998474
25090991,0,977.81,299.275,28.42,3998474
25101044,0,977.87,298.761,28.42,3998474
25112740,0,977.92,298.333,28.42,3998474
25134003,0,977.89,298.59,28.42,3998474
25145022,0,977.87,298.761,28.42,3998474
25156079,0,977.83,299.104,28.42,3998474
25178003,0,977.9,298.504,28.43,3998474
25188098,0,977.85,298.932,28.43,3998474
25199002,0,977.85,298.932,28.43,3998474
25220826,0,977.83,299.104,28.42,3998474
25230991,0,977.84,299.018,28.42,3998474
25241991,0,977.82,299.189,28.42,3998474
25264127,0,977.86,298.847,28.43,3998474
25275063,0,977.84,299.018,28.43,3998474
25285991,0,977.81,299.275,28.43,3998474
25308119,0,977.84,299.018,28.43,3998474
25318991,0,977.81,299.275,28.43,3998474
25330001,0,977.85,298.932,28.43,3998474
25353051,0,977.85,298.932,28.43,3998474
25364724,0,977.83,299.104,28.43,3998474
25374991,0,977.82,299.189,28.43,3998474
25396990,0,977.85,298.932,28.43,3998474
25407000,0,977.89,298.59,28.43,3998474
25417991,0,977.83,299.104,28.43,3998474
25440145,0,977.87,298.761,28.43,3998474
25450991,0,977.85,298.932,28.43,3998474
25461990,0,977.85,298.932,28.43,3998474
25484959,0,977.8,299.361,28.43,3998474
25496754,0,977.83,299.104,28.43,3998474
25506991,0,977.87,298.761,28.43,3998474
25529000,0,977.86,298.847,28.43,3998474
25540000,0,977.81,299.275,28.43,3998474
25551032,0,977.8,299.361,28.43,3998474
25572991,0,977.84,299.018,28.43,3998474
25583992,0,977.8,299.361,28.43,3998474
25595054,0,977.77,299.618,28.43,3998474
25617002,0,977.87,298.761,28.44,3998474
25628002,0,977.91,298.418,28.44,3998474
25639006,0,977.81,299.275,28.44,3998474
25659991,0,977.84,299.018,28.44,3998474
25670483,0,977.85,298.932,28.44,3998474
25680991,0,977.83,299.104,28.44,3998474
25702910,0,977.78,299.532,28.44,3998474
25715687,0,977.85,298.932,28.44,3998474
25727349,0,977.8,299.361,28.44,3998474
25751416,0,977.87,298.761,28.44,3998474
25763181,0,977.87,298.761,28.44,3998474
25775358,0,977.87,298.761,28.44,3998474
25799413,0,977.84,299.018,28.44,3998474
25811137,0,977.83,299.104,28.44,3998474
25823401,0,977.8,299.361,28.44,3998474
25847195,0,977.85,298.932,28.44,3998474
25859395,0,977.87,298.761,28.44,3998474
25871174,0,977.86,298.847,28.44,3998474
25895159,0,977.85,298.932,28.44,3998474
25907369,0,977.85,298.932,28.44,3998474
25919143,0,977.82,299.189,28.44,3998474
25943167,0,977.87,298.761,28.44,3998474
25955355,0,977.86,298.847,28.44,3998474
25967179,0,977.84,299.018,28.44,3998474
25991194,0,977.82,299.189,28.43,3998474
26003368,0,977.84,299.018,28.43,3998474
26015214,0,977.82,299.189,28.43,3998474
26039203,0,977.82,299.189,28.43,3998474
26051450,0,977.81,299.275,28.43,3998474
26063166,0,977.83,299.104,28.43,3998474
26087133,0,977.87,298.761,28.44,3998474
26099463,0,977.89,298.59,28.44,3998474
26111183,0,977.89,298.59,28.44,3998474
26134871,0,977.88,298.675,28.43,3998474
26146008,0,977.81,299.275,28.43,3998474
26157038,0,977.8,299.361,28.43,3998474
26178023,0,977.86,298.847,28.44,3998474
26189001,0,977.86,298.847,28.44,3998474
26199341,0,977.87,298.761,28.44,3998474
26222194,0,977.85,298.932,28.45,3998474
26233338,0,977.85,298.932,28.45,3998474
26243994,0,977.8,299.361,28.45,3998474
26266020,0,977.82,299.189,28.45,3998474
26275991,0,977.85,298.932,28.45,3998474
26286990,0,977.82,299.189,28.45,3998474
26307991,0,977.84,299.018,28.45,3998474
26318066,0,977.84,299.018,28.45,3998474
26329352,0,977.88,298.675,28.45,3998474
26350991,0,977.8,299.361,28.45,3998474
26362000,0,977.85,298.932,28.45,3998474
26371991,0,977.82,299.189,28.45,3998474
26394015,0,977.89,298.59,28.46,3998474
26405345,0,977.81,299.275,28.46,3998474
26415991,0,977.83,299.104,28.46,3998474
26438283,0,977.83,299.104,28.46,3998474
26449002,0,977.84,299.018,28.46,3998474
26459991,0,977.82,299.189,28.46,3998474
26481993,0,977.84,299.018,28.46,3998474
26493021,0,977.84,299.018,28.46,3998474
26504002,0,977.8,299.361,28.46,3998474
26525991,0,977.86,298.847,28.46,3998474
26537022,0,977.82,299.189,28.46,3998474
26547116,0,977.82,299.189,28.46,3998474
26571141,0,977.84,299.018,28.47,3998474
26583391,0,977.79,299.447,28.47,3998474
26595129,0,977.85,298.932,28.47,3998474
26618001,0,977.81,299.275,28.46,3998474
26628991,0,977.82,299.189,28.46,3998474
26639004,0,977.85,298.932,28.46,3998474
26661021,0,977.85,298.932,28.46,3998474
26672077,0,977.82,299.189,28.46,3998474
26682991,0,977.84,299.018,28.46,3998474
26704991,0,977.9,298.504,28.47,3998474
26716747,0,977.83,299.104,28.47,3998474
26726991,0,977.85,298.932,28.47,3998474
26749002,0,977.85,298.932,28.47,3998474
26759002,0,977.8,299.361,28.47,3998474
26769991,0,977.85,298.932,28.47,3998474
26790991,0,977.84,299.018,28.48,3998474
26801213,0,977.83,299.104,28.48,3998474
26812734,0,977.82,299.189,28.48,3998474
26834000,0,977.88,298.675,28.47,3998474
26845004,0,977.8,299.361,28.47,3998474
26855991,0,977.8,299.361,28.47,3998474
26877991,0,977.87,298.761,28.48,3998474
26888990,0,977.84,299.018,28.48,3998474
26900016,0,977.82,299.189,28.48,3998474
26921625,0,977.87,298.761,28.48,3998474
26932007,0,977.86,298.847,28.48,3998474
26943005,0,977.79,299.447,28.48,3998474
26965051,0,977.87,298.761,28.49,3998474
26976084,0,977.89,298.59,28.49,3998474
26987005,0,977.86,298.847,28.49,3998474
27009014,0,977.78,299.532,28.48,3998474
27020005,0,977.78,299.532,28.48,3998474
27029982,0,977.79,299.447,28.48,3998474
27051991,0,977.86,298.847,28.48,3998474
27062991,0,977.79,299.447,28.48,3998474
27074005,0,977.82,299.189,28.48,3998474
27096002,0,977.81,299.275,28.49,3998474
27107002,0,977.87,298.761,28.49,3998474
27117991,0,977.86,298.847,28.49,3998474
27139991,0,977.85,298.932,28.49,3998474
27149996,0,977.83,299.104,28.49,3998474
27162144,0,977.81,299.275,28.49,3998474
27184033,0,977.88,298.675,28.49,3998474
27195003,0,977.86,298.847,28.49,3998474
27206015,0,977.78,299.532,28.49,3998474
27228048,0,977.82,299.189,28.49,3998474
27238991,0,977.89,298.59,28.49,3998474
27250477,0,977.87,298.761,28.49,3998474
27272476,0,977.81,299.275,28.49,3998474
27283723,0,977.82,299.189,28.49,3998474
27293991,0,977.8,299.361,28.49,3998474
27315990,0,977.82,299.189,28.49,3998474
27325991,0,977.88,298.675,28.49,3998474
27336990,0,977.85,298.932,28.49,3998474
27357991,0,977.83,299.104,28.49,3998474
27368443,0,977.8,299.361,28.49,3998474
27379678,0,977.82,299.189,28.49,3998474
27400990,0,977.85,298.932,28.5,3998474
27411991,0,977.84,299.018,28.5,3998474
27423341,0,977.82,299.189,28.5,3998474
27444991,0,977.81,299.275,28.49,3998474
27455366,0,977.82,299.189,28.49,3998474
27465991,0,977.78,299.532,28.49,3998474
27488037,0,977.81,299.275,28.5,3998474
27500390,0,977.89,298.59,28.5,3998474
27512591,0,977.83,299.104,28.5,3998474
27533991,0,977.89,298.59,28.51,3998474
27544990,0,977.86,298.847,28.51,3998474
27555991,0,977.86,298.847,28.51,3998474
27578048,0,977.83,299.104,28.5,3998474
27588991,0,977.84,299.018,28.5,3998474
27599374,0,977.81,299.275,28.5,3998474
27620593,0,977.8,299.361,28.5,3998474
27631751,0,977.84,299.018,28.5,3998474
27642002,0,977.85,298.932,28.5,3998474
27663991,0,977.86,298.847,28.5,3998474
27673991,0,977.81,299.275,28.5,3998474
27684991,0,977.8,299.361,28.5,3998474
27706036,0,977.86,298.847,28.51,3998474
27717004,0,977.82,299.189,28.51,3998474
27728004,0,977.83,299.104,28.51,3998474
27748992,0,977.8,299.361,28.51,3998474
27760006,0,977.82,299.189,28.51,3998474
27770496,0,977.88,298.675,28.51,3998474
27791216,0,977.87,298.761,28.51,3998474
27803535,0,977.81,299.275,28.51,3998474
27815187,0,977.83,299.104,28.51,3998474
27839696,0,977.84,299.018,28.51,3998474
27850931,0,977.83,299.104,28.51,3998474
27863534,0,977.81,299.275,28.51,3998474
27887751,0,977.81,299.275,28.5,3998474
27898859,0,977.79,299.447,28.5,3998474
27911733,0,977.79,299.447,28.5,3998474
27932016,0,977.86,298.847,28.5,3998474
27942991,0,977.82,299.189,28.5,3998474
27953016,0,977.81,299.275,28.5,3998474
27975244,0,977.83,299.104,28.51,3998474
27985991,0,977.84,299.018,28.51,3998474
27996991,0,977.86,298.847,28.51,3998474
28019002,0,977.84,299.018,28.51,3998474
28030024,0,977.86,298.847,28.51,3998474
28041006,0,977.81,299.275,28.51,3998474
28063003,0,977.85,298.932,28.52,3998474
28074003,0,977.85,298.932,28.52,3998474
28084996,0,977.79,299.447,28.52,3998474
28107003,0,977.84,299.018,28.52,3998474
28118936,0,977.82,299.189,28.52,3998474
28130629,0,977.82,299.189,28.52,3998474
28152037,0,977.85,298.932,28.51,3998474
28162991,0,977.81,299.275,28.51,3998474
28173991,0,977.8,299.361,28.51,3998474
28195991,0,977.81,299.275,28.52,3998474
28206991,0,977.84,299.018,28.52,3998474
28218052,0,977.78,299.532,28.52,3998474
28239990,0,977.85,298.932,28.52,3998474
28250992,0,977.83,299.104,28.52,3998474
28262873,0,977.84,299.018,28.52,3998474
28285002,0,977.83,299.104,28.52,3998474
28296032,0,977.87,298.761,28.52,3998474
28306990,0,977.85,298.932,28.52,3998474
28327990,0,977.87,298.761,28.52,3998474
28338481,0,977.77,299.618,28.52,3998474
28348991,0,977.77,299.618,28.52,3998474
28371681,0,977.82,299.189,28.53,3998474
28382880,0,977.82,299.189,28.53,3998474
28395737,0,977.83,299.104,28.53,3998474
28420150,0,977.79,299.447,28.52,3998474
28431045,0,977.81,299.275,28.52,3998474
28443674,0,977.83,299.104,28.52,3998474
