timestamp,rollspeed,pitchspeed,yawspeed,q[0],q[1],q[2],q[3],delta_q_reset[0],delta_q_reset[1],delta_q_reset[2],delta_q_reset[3],quat_reset_counter
11089293,-0.00032075,-0.000475393,-0.000200875,0.65262,-0.647798,0.262967,-0.292049,0.999963,0.000100317,-0.00861691,-2.43945e-05,4
11121363,0.000854958,0.000587052,0.000434132,0.652388,-0.648533,0.263407,-0.290537,0.999963,0.000100317,-0.00861691,-2.43945e-05,4
11153324,0.00094857,-0.00111688,-0.000313553,0.652114,-0.649247,0.263833,-0.289167,0.999963,0.000100317,-0.00861691,-2.43945e-05,4
11185378,0.000628808,0.00048426,0.000763018,0.651789,-0.649948,0.26427,-0.287923,0.999963,0.000100317,-0.00861691,-2.43945e-05,4
11217311,0.00116072,-0.00164881,1.05686e-05,0.651429,-0.650627,0.264715,-0.286795,0.999963,0.000100317,-0.00861691,-2.43945e-05,4
11249356,0.00147849,0.000594451,0.00043832,0.651031,-0.651293,0.265173,-0.285761,0.999963,0.000100317,-0.00861691,-2.43945e-05,4
11281419,0.00168546,-0.00121859,0.00119694,0.650588,-0.651932,0.265611,-0.284905,0.999963,0.000100317,-0.00861691,-2.43945e-05,4
11313382,0.000510674,-0.000464662,-0.000293935,0.650113,-0.652506,0.26602,-0.284292,0.999963,0.000100317,-0.00861691,-2.43945e-05,4
11345412,0.000505054,0.00049975,0.000150062,0.64964,-0.653003,0.266382,-0.283895,0.999963,0.000100317,-0.00861691,-2.43945e-05,4
11377404,0.000609195,-0.000129884,0.00133957,0.649176,-0.65342,0.266708,-0.283691,0.999963,0.000100317,-0.00861691,-2.43945e-05,4
11410212,7.09009e-05,0.000614934,0.000499573,0.648712,-0.653767,0.267003,-0.283673,0.999963,0.000100317,-0.00861691,-2.43945e-05,4
11442151,0.00165988,0.000630337,6.76839e-06,0.648273,-0.654028,0.267238,-0.283854,0.999963,0.000100317,-0.00861691,-2.43945e-05,4
11470137,0.00208898,0.000636554,0.000672475,0.647908,-0.654202,0.267417,-0.28412,0.999963,0.000100317,-0.00861691,-2.43945e-05,4
11502268,4.72949e-05,-0.0001009,0.000710597,0.647517,-0.654352,0.267581,-0.284511,0.999963,0.000100317,-0.00861691,-2.43945e-05,4
11534093,-0.000385645,0.000651741,-0.000430804,0.647155,-0.654452,0.26772,-0.284972,0.999963,0.000100317,-0.00861691,-2.43945e-05,4
11566107,0.000885153,0.000138151,-0.000399007,0.646822,-0.6545,0.267828,-0.285515,0.999963,0.000100317,-0.00861691,-2.43945e-05,4
11598098,1.97755e-05,0.000264657,0.00042154,0.646519,-0.654504,0.26792,-0.286105,0.999963,0.000100317,-0.00861691,-2.43945e-05,4
11630149,0.000748447,-0.000136057,0.000694158,0.646239,-0.654485,0.267995,-0.286713,0.999963,0.000100317,-0.00861691,-2.43945e-05,4
11662188,0.000528248,0.00116302,0.001582,0.645988,-0.654436,0.268062,-0.287325,0.999963,0.000100317,-0.00861691,-2.43945e-05,4
11694183,-0.000333309,0.000758275,-0.000174213,0.645766,-0.654368,0.268128,-0.287916,0.999963,0.000100317,-0.00861691,-2.43945e-05,4
11722127,0.00157483,0.000875588,0.000393608,0.645598,-0.654294,0.268182,-0.288412,0.999963,0.000100317,-0.00861691,-2.43945e-05,4
11754211,0.000807597,0.000796165,-6.85665e-05,0.645437,-0.654202,0.268242,-0.288925,0.999963,0.000100317,-0.00861691,-2.43945e-05,4
11787800,-0.000759006,-0.000121024,0.00108218,0.645296,-0.654102,0.268332,-0.289382,0.999963,0.000100317,-0.00861691,-2.43945e-05,4
11819893,-0.000594379,0.000893722,0.000807133,0.64517,-0.654,0.268435,-0.289798,0.999963,0.000100317,-0.00861691,-2.43945e-05,4
11851747,0.000141439,-0.00014361,0.00106089,0.645064,-0.653902,0.268545,-0.290151,0.999963,0.000100317,-0.00861691,-2.43945e-05,4
11879818,-0.000514278,-0.000214239,0.000467881,0.644989,-0.653821,0.268655,-0.290399,0.999963,0.000100317,-0.00861691,-2.43945e-05,4
11911747,0.000446491,0.000466291,0.000938454,0.644927,-0.653721,0.268794,-0.290632,0.999963,0.000100317,-0.00861691,-2.43945e-05,4
11944590,-0.000938263,0.00126705,0.00129374,0.644879,-0.653634,0.268955,-0.290787,0.999963,0.000100317,-0.00861691,-2.43945e-05,4
11976506,-0.000196687,0.000374109,0.00165467,0.644853,-0.653545,0.269143,-0.290871,0.999963,0.000100317,-0.00861691,-2.43945e-05,4
12008508,0.000539694,0.000313496,0.00115018,0.644837,-0.653457,0.269355,-0.290907,0.999963,0.000100317,-0.00861691,-2.43945e-05,4
12040510,0.00149159,0.00124364,0.00140446,0.644838,-0.653369,0.269579,-0.290896,0.999963,0.000100317,-0.00861691,-2.43945e-05,4
12072603,0.000952746,0.000330481,0.000356349,0.644848,-0.653287,0.269816,-0.290838,0.999963,0.000100317,-0.00861691,-2.43945e-05,4
12105293,0.000603131,0.000461292,0.000550999,0.644863,-0.653207,0.270086,-0.290733,0.999963,0.000100317,-0.00861691,-2.43945e-05,4
12138948,-0.00011056,0.000253455,0.0014572,0.64489,-0.653132,0.270367,-0.290582,0.999963,0.000100317,-0.00861691,-2.43945e-05,4
12167094,-0.00085274,0.00160234,0.00145896,0.644907,-0.653074,0.270625,-0.290433,0.999963,0.000100317,-0.00861691,-2.43945e-05,4
12198914,-0.000534025,0.00098685,0.000931764,0.644938,-0.653011,0.270925,-0.290228,0.999963,0.000100317,-0.00861691,-2.43945e-05,4
12231023,0.000528725,0.000595065,0.00177633,0.644972,-0.652949,0.271222,-0.290014,0.999963,0.000100317,-0.00861691,-2.43945e-05,4
12263003,-0.000524653,0.00149935,0.000911328,0.645013,-0.652883,0.27152,-0.28979,0.999963,0.000100317,-0.00861691,-2.43945e-05,4
12294957,0.000975038,0.00177827,0.0014317,0.645062,-0.652823,0.271815,-0.289541,0.999963,0.000100317,-0.00861691,-2.43945e-05,4
12326895,0.000124033,0.00212942,0.00142545,0.64511,-0.652764,0.272117,-0.289283,0.999963,0.000100317,-0.00861691,-2.43945e-05,4
12358914,0.00109027,0.0017285,0.000461485,0.645163,-0.652704,0.272403,-0.289032,0.999963,0.000100317,-0.00861691,-2.43945e-05,4
12390977,0.000665284,0.00071646,0.000970307,0.645215,-0.652652,0.272676,-0.288775,0.999963,0.000100317,-0.00861691,-2.43945e-05,4
12422936,0.000457111,-1.13682e-05,0.00138487,0.645271,-0.65261,0.272927,-0.288509,0.999963,0.000100317,-0.00861691,-2.43945e-05,4
12455720,0.000460216,0.00255498,0.00179692,0.645332,-0.652559,0.273177,-0.28825,0.999963,0.000100317,-0.00861691,-2.43945e-05,4
12487682,-0.000489098,0.00181822,0.000703494,0.645392,-0.652512,0.273404,-0.288004,0.999963,0.000100317,-0.00861691,-2.43945e-05,4
12519826,0.000359557,0.00182493,0.00155246,0.645446,-0.652477,0.273615,-0.287765,0.999963,0.000100317,-0.00861691,-2.43945e-05,4
12551734,0.000473987,0.000138894,0.000244519,0.6455,-0.652448,0.273801,-0.287532,0.999963,0.000100317,-0.00861691,-2.43945e-05,4
12579911,0.00154211,0.00182993,0.00128981,0.645561,-0.652413,0.273949,-0.287335,0.999963,0.000100317,-0.00861691,-2.43945e-05,4
12611807,-0.000580791,0.00129518,0.00148242,0.64562,-0.652388,0.274107,-0.287109,0.999963,0.000100317,-0.00861691,-2.43945e-05,4
12643793,0.000805283,0.00170724,0.000487416,0.64568,-0.652369,0.274244,-0.286884,0.999963,0.000100317,-0.00861691,-2.43945e-05,4
12675698,0.000493041,0.00138365,0.000371821,0.645741,-0.652351,0.274361,-0.286676,0.999963,0.000100317,-0.00861691,-2.43945e-05,4
12707796,0.00102952,0.00169016,0.000141991,0.645803,-0.652335,0.274467,-0.286472,0.999963,0.000100317,-0.00861691,-2.43945e-05,4
12739859,0.000287208,0.00178725,0.00117825,0.645857,-0.652324,0.274566,-0.28628,0.999963,0.000100317,-0.00861691,-2.43945e-05,4
12771865,-0.000142358,0.000725999,0.00170606,0.64591,-0.652319,0.274651,-0.286089,0.999963,0.000100317,-0.00861691,-2.43945e-05,4
12803696,-2.75495e-05,0.000712855,0.00115268,0.645958,-0.652316,0.274724,-0.285917,0.999963,0.000100317,-0.00861691,-2.43945e-05,4
12831758,-0.000232655,0.000832282,0.00125202,0.646001,-0.652312,0.274781,-0.285774,0.999963,0.000100317,-0.00861691,-2.43945e-05,4
12863682,-0.000447822,0.00231461,0.00058634,0.646047,-0.652309,0.274838,-0.285622,0.999963,0.000100317,-0.00861691,-2.43945e-05,4
12895751,-0.000549587,0.00165545,0.00152701,0.646093,-0.652303,0.274894,-0.285478,0.999963,0.000100317,-0.00861691,-2.43945e-05,4
12927727,0.000516407,0.000902717,0.000566193,0.646138,-0.652299,0.27494,-0.285343,0.999963,0.000100317,-0.00861691,-2.43945e-05,4
12959882,-0.000326158,0.00185343,0.000551645,0.646182,-0.652293,0.274977,-0.285222,0.999963,0.000100317,-0.00861691,-2.43945e-05,4
12991792,-0.000875643,0.00173632,0.00160213,0.646217,-0.652294,0.275015,-0.285102,0.999963,0.000100317,-0.00861691,-2.43945e-05,4
13023772,0.000523956,0.000669638,8.8732e-05,0.646254,-0.65229,0.275046,-0.284997,0.999963,0.000100317,-0.00861691,-2.43945e-05,4
13053420,-0.000270655,0.000478508,0.00174787,0.646285,-0.652286,0.275067,-0.284913,0.999963,0.000100317,-0.00861691,-2.43945e-05,4
13085461,0.000528087,0.00180165,0.00188085,0.646322,-0.652283,0.275093,-0.284813,0.999963,0.000100317,-0.00861691,-2.43945e-05,4
13117356,0.000529102,0.000942437,0.000589088,0.646353,-0.652282,0.27511,-0.28473,0.999963,0.000100317,-0.00861691,-2.43945e-05,4
13150138,9.91123e-05,0.00170357,0.00101131,0.646378,-0.652276,0.27514,-0.284656,0.999963,0.000100317,-0.00861691,-2.43945e-05,4
13178243,0.000213524,0.00194899,-5.67469e-05,0.646397,-0.652272,0.275163,-0.2846,0.999963,0.000100317,-0.00861691,-2.43945e-05,4
13210143,0.000531818,0.000682817,0.0010026,0.646416,-0.652263,0.275195,-0.284546,0.999963,0.000100317,-0.00861691,-2.43945e-05,4
13242155,0.000858576,0.000701021,0.000461629,0.646433,-0.652254,0.27522,-0.284505,0.999963,0.000100317,-0.00861691,-2.43945e-05,4
13274177,1.14092e-05,0.00104967,0.00162905,0.646447,-0.652246,0.275252,-0.284462,0.999963,0.000100317,-0.00861691,-2.43945e-05,4
13306158,0.00108167,0.0018017,0.000981182,0.646457,-0.652233,0.275288,-0.284432,0.999963,0.000100317,-0.00861691,-2.43945e-05,4
13338139,0.000965834,0.00107816,0.000552913,0.646465,-0.652217,0.275318,-0.284422,0.999963,0.000100317,-0.00861691,-2.43945e-05,4
13370207,0.00128598,0.00250482,-9.51779e-05,0.64647,-0.652199,0.275353,-0.284419,0.999963,0.000100317,-0.00861691,-2.43945e-05,4
13402092,-0.000205724,0.00199795,0.000649294,0.646471,-0.652181,0.275393,-0.28442,0.999963,0.000100317,-0.00861691,-2.43945e-05,4
13430222,0.00150062,0.00094818,0.000963704,0.646469,-0.652159,0.275441,-0.284426,0.999963,0.000100317,-0.00861691,-2.43945e-05,4
13462122,0.000542398,0.00190545,0.000431438,0.646466,-0.652134,0.27549,-0.284444,0.999963,0.000100317,-0.00861691,-2.43945e-05,4
13494178,0.00139694,0.00189974,0.000953528,0.64647,-0.652099,0.275536,-0.28447,0.999963,0.000100317,-0.00861691,-2.43945e-05,4
13526217,0.00054364,0.00134341,-0.000115,0.646468,-0.652076,0.275576,-0.284488,0.999963,0.000100317,-0.00861691,-2.43945e-05,4
13558125,0.00129213,0.00112941,0.000728649,0.646469,-0.652056,0.27561,-0.2845,0.999963,0.000100317,-0.00861691,-2.43945e-05,4
13590142,2.05843e-05,0.00157267,0.000629899,0.646459,-0.652043,0.27565,-0.284512,0.999963,0.000100317,-0.00861691,-2.43945e-05,4
13622250,0.000545226,0.00205934,0.00125808,0.646459,-0.652024,0.275692,-0.284515,0.999963,0.000100317,-0.00861691,-2.43945e-05,4
13654087,0.00139841,0.00182878,0.000932904,0.646466,-0.652007,0.275713,-0.28452,0.999963,0.000100317,-0.00861691,-2.43945e-05,4
13686084,-0.00020007,0.00150845,0.00189008,0.646464,-0.651994,0.275745,-0.284523,0.999963,0.000100317,-0.00861691,-2.43945e-05,4
13718167,0.000232114,0.00127089,0.000178544,0.646472,-0.65198,0.275768,-0.284515,0.999963,0.000100317,-0.00861691,-2.43945e-05,4
13750140,-0.000411888,0.00126096,0.000171389,0.646469,-0.651976,0.275788,-0.284511,0.999963,0.000100317,-0.00861691,-2.43945e-05,4
13783742,0.000121425,0.00229784,0.000709076,0.646482,-0.651961,0.275805,-0.284499,0.999963,0.000100317,-0.00861691,-2.43945e-05,4
13811734,0.00054864,0.00170805,-0.000145635,0.646485,-0.65196,0.27581,-0.284488,0.999963,0.000100317,-0.00861691,-2.43945e-05,4
13843769,0.000650965,0.00170818,-0.00014686,0.646501,-0.651947,0.275818,-0.284475,0.999963,0.000100317,-0.00861691,-2.43945e-05,4
13875682,-0.000514445,0.00121836,0.00144531,0.646508,-0.651951,0.275822,-0.284444,0.999963,0.000100317,-0.00861691,-2.43945e-05,4
13907711,0.00129368,0.000858069,0.000697982,0.646526,-0.651947,0.275821,-0.284416,0.999963,0.000100317,-0.00861691,-2.43945e-05,4
13939719,-0.000511038,0.0013361,0.00144007,0.646539,-0.65196,0.275811,-0.284365,0.999963,0.000100317,-0.00861691,-2.43945e-05,4
13971763,0.000556245,0.000506819,0.00154159,0.646568,-0.651968,0.275781,-0.284309,0.999963,0.000100317,-0.00861691,-2.43945e-05,4
14003795,0.00119632,0.00130673,0.000899691,0.646601,-0.651973,0.275746,-0.284258,0.999963,0.000100317,-0.00861691,-2.43945e-05,4
14035707,0.000777499,0.000306378,0.0018567,0.646633,-0.651983,0.275709,-0.284198,0.999963,0.000100317,-0.00861691,-2.43945e-05,4
14063690,-0.000505749,0.00191547,0.000895298,0.646652,-0.652003,0.275678,-0.28414,0.999963,0.000100317,-0.00861691,-2.43945e-05,4
14095736,0.00013625,0.000160015,0.00185582,0.646686,-0.652018,0.275635,-0.28407,0.999963,0.000100317,-0.00861691,-2.43945e-05,4
14127723,0.000131218,0.00108609,0.000893397,0.646726,-0.652036,0.275582,-0.283988,0.999963,0.000100317,-0.00861691,-2.43945e-05,4
14159753,0.00162366,0.00169964,0.000246353,0.646763,-0.652055,0.275521,-0.28392,0.999963,0.000100317,-0.00861691,-2.43945e-05,4
14191697,0.00151457,0.000666486,-0.000173621,0.6468,-0.652078,0.275459,-0.283843,0.999963,0.000100317,-0.00861691,-2.43945e-05,4
14223682,0.00162517,0.000267885,0.000889468,0.646843,-0.652099,0.27539,-0.283762,0.999963,0.000100317,-0.00861691,-2.43945e-05,4
14255718,0.000560906,0.000673715,0.000360804,0.646887,-0.65212,0.275325,-0.283679,0.999963,0.000100317,-0.00861691,-2.43945e-05,4
14287746,-0.000181933,-6.07688e-06,0.00088983,0.646922,-0.652147,0.275266,-0.283593,0.999963,0.000100317,-0.00861691,-2.43945e-05,4
14315807,0.000668671,0.00083331,0.000888719,0.646954,-0.652166,0.275214,-0.283526,0.999963,0.000100317,-0.00861691,-2.43945e-05,4
14347754,0.00109609,0.000784361,0.000781723,0.646994,-0.652191,0.275149,-0.283443,0.999963,0.000100317,-0.00861691,-2.43945e-05,4
14380496,0.000133602,0.000750484,0.000995155,0.64703,-0.65222,0.275082,-0.283358,0.999963,0.000100317,-0.00861691,-2.43945e-05,4
14412488,0.0011986,-0.000284666,0.000351983,0.647067,-0.652251,0.275009,-0.283272,0.999963,0.000100317,-0.00861691,-2.43945e-05,4
14444524,0.00109801,0.000102066,-0.000176299,0.64711,-0.652274,0.274937,-0.28319,0.999963,0.000100317,-0.00861691,-2.43945e-05,4
14476529,0.00130737,0.000580526,0.000781,0.647151,-0.652298,0.274865,-0.283111,0.999963,0.000100317,-0.00861691,-2.43945e-05,4
14504618,0.00130575,0.00139516,3.36685e-05,0.647185,-0.652317,0.27481,-0.283042,0.999963,0.000100317,-0.00861691,-2.43945e-05,4
14536603,0.00152194,-2.53031e-05,0.00088602,0.647227,-0.65234,0.274742,-0.28296,0.999963,0.000100317,-0.00861691,-2.43945e-05,4
14568555,2.68244e-05,-0.00059069,-0.000928389,0.647259,-0.652366,0.274687,-0.282883,0.999963,0.000100317,-0.00861691,-2.43945e-05,4
14600512,2.80293e-05,-8.9908e-05,0.000349934,0.647297,-0.652386,0.274629,-0.282804,0.999963,0.000100317,-0.00861691,-2.43945e-05,4
14632596,0.0005635,2.60212e-06,0.000886626,0.647333,-0.652407,0.274571,-0.282729,0.999963,0.000100317,-0.00861691,-2.43945e-05,4
14664591,0.00056251,-0.000660717,0.000886698,0.64737,-0.652425,0.274516,-0.282657,0.999963,0.000100317,-0.00861691,-2.43945e-05,4
14696523,0.000561859,-0.000663625,0.0004643,0.647403,-0.652443,0.274463,-0.282592,0.999963,0.000100317,-0.00861691,-2.43945e-05,4
14728486,2.96708e-05,-0.000238766,0.000887719,0.647428,-0.65246,0.274426,-0.282532,0.999963,0.000100317,-0.00861691,-2.43945e-05,4
14758135,0.000239861,0.000199231,0.00131376,0.647449,-0.652471,0.274392,-0.28249,0.999963,0.000100317,-0.00861691,-2.43945e-05,4
14790166,0.00108524,0.000301508,3.81211e-05,0.64747,-0.652483,0.274357,-0.282449,0.999963,0.000100317,-0.00861691,-2.43945e-05,4
14822112,0.00108804,0.000424843,0.00088941,0.647492,-0.652484,0.274336,-0.282417,0.999963,0.000100317,-0.00861691,-2.43945e-05,4
14854142,-0.00104171,0.000430727,0.000890397,0.647512,-0.652481,0.274324,-0.282386,0.999963,0.000100317,-0.00861691,-2.43945e-05,4
14886208,-0.000512276,0.000466741,0.000889744,0.647521,-0.652478,0.274323,-0.282375,0.999963,0.000100317,-0.00861691,-2.43945e-05,4
14914164,0.000126231,-0.000144263,0.000889527,0.647531,-0.652467,0.274331,-0.28237,0.999963,0.000100317,-0.00861691,-2.43945e-05,4
14946227,-0.000200396,0.000522768,0.000885249,0.647531,-0.652463,0.274344,-0.282367,0.999963,0.000100317,-0.00861691,-2.43945e-05,4
14978094,0.000444235,-0.000614289,0.00120037,0.647529,-0.652455,0.274363,-0.28237,0.999963,0.000100317,-0.00861691,-2.43945e-05,4
15010130,0.000446073,0.000148919,-0.000179693,0.64753,-0.652441,0.274385,-0.282381,0.999963,0.000100317,-0.00861691,-2.43945e-05,4
15042220,0.000543564,-0.000458184,0.000138932,0.647522,-0.652429,0.274412,-0.2824,0.999963,0.000100317,-0.00861691,-2.43945e-05,4
15074991,-0.000205433,0.000320868,-0.000182042,0.64751,-0.652411,0.274449,-0.282433,0.999963,0.000100317,-0.00861691,-2.43945e-05,4
15103766,-9.14647e-05,0.000476567,0.000881224,0.647501,-0.652398,0.274479,-0.282456,0.999963,0.000100317,-0.00861691,-2.43945e-05,4
15135721,-0.000529534,0.000664097,-0.000186032,0.647483,-0.652386,0.27452,-0.282484,0.999963,0.000100317,-0.00861691,-2.43945e-05,4
15167728,0.00106591,-0.000703683,0.000662093,0.64747,-0.652371,0.274555,-0.282515,0.999963,0.000100317,-0.00861691,-2.43945e-05,4
15199703,0.000745137,-7.57948e-05,0.000871791,0.647461,-0.652354,0.27459,-0.28254,0.999963,0.000100317,-0.00861691,-2.43945e-05,4
15229513,0.00105548,-0.000402234,0.000872379,0.647449,-0.652344,0.274616,-0.282565,0.999963,0.000100317,-0.00861691,-2.43945e-05,4
15261345,-4.41377e-06,-9.88757e-05,1.66877e-05,0.647436,-0.652336,0.274645,-0.282586,0.999963,0.000100317,-0.00861691,-2.43945e-05,4
15293296,0.000626757,0.000619393,0.000327111,0.647435,-0.652315,0.274673,-0.282608,0.999963,0.000100317,-0.00861691,-2.43945e-05,4
15325368,-0.000545251,0.000310082,0.000549103,0.647427,-0.652305,0.274695,-0.282629,0.999963,0.000100317,-0.00861691,-2.43945e-05,4
15357329,0.000619775,-4.40553e-05,0.000748082,0.647427,-0.652298,0.274707,-0.282633,0.999963,0.000100317,-0.00861691,-2.43945e-05,4
15389343,0.000514277,0.0005792,-0.000537324,0.647427,-0.652292,0.274716,-0.282638,0.999963,0.000100317,-0.00861691,-2.43945e-05,4
15421347,-0.000552499,0.000115505,0.000313578,0.647427,-0.652297,0.274714,-0.282628,0.999963,0.000100317,-0.00861691,-2.43945e-05,4
15450256,-2.51215e-05,0.000194111,0.000835467,0.64743,-0.652302,0.27471,-0.282615,0.999963,0.000100317,-0.00861691,-2.43945e-05,4
15482197,-0.00045556,-0.000564441,0.000831949,0.647431,-0.652315,0.2747,-0.282591,0.999963,0.000100317,-0.00861691,-2.43945e-05,4
15514248,-0.000670969,-0.000583221,0.00115313,0.647433,-0.652329,0.274687,-0.282568,0.999963,0.000100317,-0.00861691,-2.43945e-05,4
15546136,0.00102073,0.00147733,0.000819696,0.647445,-0.652334,0.274666,-0.282548,0.999963,0.000100317,-0.00861691,-2.43945e-05,4
15578110,0.00048981,0.000383631,0.00113307,0.647456,-0.652346,0.274641,-0.28252,0.999963,0.000100317,-0.00861691,-2.43945e-05,4
15610182,-0.000581227,0.000144965,0.000491381,0.64747,-0.652362,0.274609,-0.282481,0.999963,0.000100317,-0.00861691,-2.43945e-05,4
15642124,-0.0004764,0.000273288,0.00122877,0.647485,-0.652385,0.274566,-0.282436,0.999963,0.000100317,-0.00861691,-2.43945e-05,4
15670936,0.00101194,-0.0009332,-0.000267853,0.647505,-0.652404,0.274519,-0.282393,0.999963,0.000100317,-0.00861691,-2.43945e-05,4
15702908,0.000684551,-0.000210699,0.000251793,0.647527,-0.652434,0.274452,-0.282338,0.999963,0.000100317,-0.00861691,-2.43945e-05,4
15736510,4.5483e-05,0.000848278,0.00121175,0.64754,-0.652458,0.274408,-0.282295,0.999963,0.000100317,-0.00861691,-2.43945e-05,4
15764555,-0.00101834,-0.000893017,0.000774611,0.647558,-0.652484,0.274358,-0.282244,0.999963,0.000100317,-0.00861691,-2.43945e-05,4
15796590,0.000567373,0.000264183,-0.000187947,0.64757,-0.652519,0.274303,-0.282189,0.999963,0.000100317,-0.00861691,-2.43945e-05,4
15828592,0.000458245,-0.000940751,0.000760811,0.647595,-0.652538,0.274254,-0.282134,0.999963,0.000100317,-0.00861691,-2.43945e-05,4
15860482,-0.000182335,-0.000749072,0.000748524,0.647608,-0.652568,0.274199,-0.282087,0.999963,0.000100317,-0.00861691,-2.43945e-05,4
15892581,0.000450738,-3.09236e-05,0.000626769,0.647622,-0.652599,0.274146,-0.282037,0.999963,0.000100317,-0.00861691,-2.43945e-05,4
15924602,-0.000510402,3.32678e-05,0.000405357,0.647635,-0.652626,0.274098,-0.281989,0.999963,0.000100317,-0.00861691,-2.43945e-05,4
15956638,-0.000517966,-9.0031e-05,0.000609674,0.647652,-0.652656,0.274043,-0.281934,0.999963,0.000100317,-0.00861691,-2.43945e-05,4
15988502,0.000116372,2.77255e-06,-0.000668837,0.647664,-0.652688,0.273987,-0.281889,0.999963,0.000100317,-0.00861691,-2.43945e-05,4
16016517,0.00149266,-2.0369e-05,0.000919158,0.647679,-0.652709,0.273941,-0.28185,0.999963,0.000100317,-0.00861691,-2.43945e-05,4
16048499,0.00063775,-0.00110837,0.000807623,0.647699,-0.652731,0.273886,-0.281805,0.999963,0.000100317,-0.00861691,-2.43945e-05,4
16080528,-0.000326232,-0.000813713,0.000689101,0.647713,-0.652761,0.273838,-0.281752,0.999963,0.000100317,-0.00861691,-2.43945e-05,4
16112522,0.000734541,-0.000171486,0.00131411,0.647727,-0.65279,0.273789,-0.281701,0.999963,0.000100317,-0.00861691,-2.43945e-05,4
16144536,0.000622941,-0.00113495,0.000668623,0.647743,-0.652805,0.273745,-0.281672,0.999963,0.000100317,-0.00861691,-2.43945e-05,4
16176492,0.00147085,-0.000286776,-8.6582e-05,0.647749,-0.65283,0.273701,-0.281642,0.999963,0.000100317,-0.00861691,-2.43945e-05,4
16208526,-0.00130343,-0.000732972,1.13468e-05,0.647754,-0.652854,0.273656,-0.281617,0.999963,0.000100317,-0.00861691,-2.43945e-05,4
16240527,0.00102959,-0.00119334,0.000644046,0.647755,-0.652885,0.273615,-0.281584,0.999963,0.000100317,-0.00861691,-2.43945e-05,4
16268570,0.00114805,-0.000138396,0.000739039,0.647768,-0.652898,0.273582,-0.281555,0.999963,0.000100317,-0.00861691,-2.43945e-05,4
16300617,0.000390381,-0.000563288,0.000631075,0.647778,-0.65291,0.273545,-0.281541,0.999963,0.000100317,-0.00861691,-2.43945e-05,4
16332535,6.2851e-05,-0.00149394,0.000618549,0.647781,-0.652928,0.273519,-0.281517,0.999963,0.000100317,-0.00861691,-2.43945e-05,4
16364482,0.00144194,-0.00189178,0.000606611,0.647784,-0.652941,0.273498,-0.281501,0.999963,0.000100317,-0.00861691,-2.43945e-05,4
16396505,0.000374926,-6.47549e-05,0.000600379,0.647784,-0.652951,0.27348,-0.281496,0.999963,0.000100317,-0.00861691,-2.43945e-05,4
16428524,0.000371322,-0.000132792,-0.000154251,0.64778,-0.652963,0.273461,-0.281496,0.999963,0.000100317,-0.00861691,-2.43945e-05,4
16460565,-0.000698497,-0.000721591,0.000689218,0.64777,-0.652967,0.273461,-0.281508,0.999963,0.000100317,-0.00861691,-2.43945e-05,4
16492518,0.000363274,1.87689e-05,0.00142762,0.647756,-0.652973,0.273469,-0.281521,0.999963,0.000100317,-0.00861691,-2.43945e-05,4
16522906,0.000251863,-0.000261686,0.000143002,0.647743,-0.65297,0.273481,-0.281545,0.999963,0.000100317,-0.00861691,-2.43945e-05,4
16554975,0.00142024,-0.000460844,-0.000502362,0.647727,-0.652973,0.273484,-0.28157,0.999963,0.000100317,-0.00861691,-2.43945e-05,4
16586945,-6.31665e-05,-0.000936532,0.000766835,0.647708,-0.652975,0.273498,-0.281598,0.999963,0.000100317,-0.00861691,-2.43945e-05,4
16619085,-0.000183278,0.000396487,-0.0002011,0.647686,-0.652968,0.273532,-0.28163,0.999963,0.000100317,-0.00861691,-2.43945e-05,4
16651030,0.00130723,-0.000854874,0.000541233,0.647658,-0.65296,0.273573,-0.281673,0.999963,0.000100317,-0.00861691,-2.43945e-05,4
16682934,-0.00113657,0.000234662,0.000948056,0.647636,-0.652942,0.273614,-0.281726,0.999963,0.000100317,-0.00861691,-2.43945e-05,4
16715792,0.000773361,-0.000702052,-0.000974362,0.647612,-0.652927,0.273649,-0.281783,0.999963,0.000100317,-0.00861691,-2.43945e-05,4
16744520,-0.000455026,0.000638284,0.000418786,0.647582,-0.652921,0.273684,-0.28183,0.999963,0.000100317,-0.00861691,-2.43945e-05,4
16776564,-0.000615857,-2.35122e-05,0.000509467,0.64755,-0.652909,0.273737,-0.28188,0.999963,0.000100317,-0.00861691,-2.43945e-05,4
16808512,-0.000406253,0.000300013,-0.000563141,0.647525,-0.652896,0.273772,-0.281935,0.999963,0.000100317,-0.00861691,-2.43945e-05,4
16840552,-0.000412558,0.000296099,0.000178083,0.6475,-0.652884,0.273804,-0.281988,0.999963,0.000100317,-0.00861691,-2.43945e-05,4
16872532,-0.000727298,-0.000754244,0.000594123,0.647481,-0.652877,0.273832,-0.282022,0.999963,0.000100317,-0.00861691,-2.43945e-05,4
16904575,0.000335842,0.00019535,-0.000580221,0.647461,-0.652868,0.273861,-0.28206,0.999963,0.000100317,-0.00861691,-2.43945e-05,4
16936482,-0.000513883,0.00032087,-0.000589094,0.64744,-0.652866,0.273882,-0.282093,0.999963,0.000100317,-0.00861691,-2.43945e-05,4
16968520,0.000333897,0.00139757,-0.000272891,0.647424,-0.652856,0.273902,-0.282134,0.999963,0.000100317,-0.00861691,-2.43945e-05,4
16996482,1.36073e-05,-0.000734302,0.00153288,0.647408,-0.65285,0.273926,-0.282161,0.999963,0.000100317,-0.00861691,-2.43945e-05,4
17030107,0.000331002,-0.000738419,0.000461811,0.647396,-0.652844,0.273942,-0.282185,0.999963,0.000100317,-0.00861691,-2.43945e-05,4
17062159,-0.000734178,-0.00064136,-0.000181153,0.64739,-0.652837,0.273954,-0.282205,0.999963,0.000100317,-0.00861691,-2.43945e-05,4
17094208,1.15586e-05,0.0003959,-0.000715195,0.647378,-0.65284,0.273961,-0.282218,0.999963,0.000100317,-0.00861691,-2.43945e-05,4
17126134,-9.82278e-05,-0.000464476,-0.00029028,0.647365,-0.652848,0.273961,-0.282228,0.999963,0.000100317,-0.00861691,-2.43945e-05,4
17154137,-0.000313854,0.000249363,0.000336638,0.647363,-0.652852,0.273953,-0.282232,0.999963,0.000100317,-0.00861691,-2.43945e-05,4
17186098,-0.000406539,0.000209819,0.000335168,0.647365,-0.652855,0.27394,-0.282233,0.999963,0.000100317,-0.00861691,-2.43945e-05,4
17218114,0.000753894,0.000934252,-9.65057e-05,0.647371,-0.652865,0.273918,-0.282218,0.999963,0.000100317,-0.00861691,-2.43945e-05,4
17250229,-0.000304082,-0.000689452,0.000115892,0.647376,-0.652875,0.273897,-0.282204,0.999963,0.000100317,-0.00861691,-2.43945e-05,4
17282218,-0.000312732,0.000150361,0.000217303,0.647385,-0.652886,0.273871,-0.282183,0.999963,0.000100317,-0.00861691,-2.43945e-05,4
17314258,0.000326404,0.000143142,0.000530865,0.647394,-0.6529,0.273842,-0.282158,0.999963,0.000100317,-0.00861691,-2.43945e-05,4
17346093,-9.72291e-05,0.000635515,0.00148472,0.647406,-0.652915,0.273813,-0.282124,0.999963,0.000100317,-0.00861691,-2.43945e-05,4
17374941,0.000324677,-0.000566241,0.000201546,0.647425,-0.652923,0.273773,-0.2821,0.999963,0.000100317,-0.00861691,-2.43945e-05,4
17406890,0.000220989,-0.00090954,-0.000541441,0.64744,-0.652942,0.273725,-0.282067,0.999963,0.000100317,-0.00861691,-2.43945e-05,4
17438967,0.000323782,-8.91481e-05,-0.000232156,0.647457,-0.652965,0.273676,-0.282026,0.999963,0.000100317,-0.00861691,-2.43945e-05,4
17470958,0.000216001,-9.57586e-06,-0.000656469,0.64747,-0.652987,0.273627,-0.281992,0.999963,0.000100317,-0.00861691,-2.43945e-05,4
17502922,-0.000309472,-0.000339258,-0.000225564,0.647486,-0.653009,0.273577,-0.281952,0.999963,0.000100317,-0.00861691,-2.43945e-05,4
17534882,0.000107067,-0.00107255,0.000935965,0.647498,-0.653037,0.273525,-0.28191,0.999963,0.000100317,-0.00861691,-2.43945e-05,4
17566898,-0.000208808,0.000727717,0.00114538,0.647517,-0.653051,0.273485,-0.281874,0.999963,0.000100317,-0.00861691,-2.43945e-05,4
17599003,0.00170862,-4.42863e-05,-0.000346247,0.647528,-0.653071,0.273443,-0.281843,0.999963,0.000100317,-0.00861691,-2.43945e-05,4
17626958,-0.000429042,-3.72296e-05,0.000391821,0.647544,-0.653081,0.273406,-0.281817,0.999963,0.000100317,-0.00861691,-2.43945e-05,4
17658953,0.000848258,0.00070037,-0.000674594,0.647562,-0.653093,0.273366,-0.281787,0.999963,0.000100317,-0.00861691,-2.43945e-05,4
17690919,-0.000210624,-0.000267889,-0.00067887,0.647573,-0.653108,0.273333,-0.281759,0.999963,0.000100317,-0.00861691,-2.43945e-05,4
17724526,0.000317014,-6.71325e-05,0.000914648,0.647581,-0.653121,0.273304,-0.28174,0.999963,0.000100317,-0.00861691,-2.43945e-05,4
17752551,0.0013798,-0.000597009,0.000379219,0.647598,-0.65313,0.273268,-0.281715,0.999963,0.000100317,-0.00861691,-2.43945e-05,4
17784517,0.000849249,-6.66361e-05,0.000377243,0.647608,-0.653132,0.273247,-0.281706,0.999963,0.000100317,-0.00861691,-2.43945e-05,4
17816555,0.00073794,0.000999927,0.000373635,0.647617,-0.653136,0.27323,-0.281692,0.999963,0.000100317,-0.00861691,-2.43945e-05,4
17848637,-0.00149579,0.00100149,-0.000584201,0.647615,-0.653147,0.273225,-0.281677,0.999963,0.000100317,-0.00861691,-2.43945e-05,4
17880613,0.000204083,-0.000916443,4.96823e-05,0.647613,-0.653157,0.273205,-0.281678,0.999963,0.000100317,-0.00861691,-2.43945e-05,4
17912547,0.000314909,-0.000473671,0.000788248,0.64762,-0.653159,0.273191,-0.281672,0.999963,0.000100317,-0.00861691,-2.43945e-05,4
17944486,0.000313498,-0.000671838,-0.000703137,0.647622,-0.653163,0.273182,-0.281665,0.999963,0.000100317,-0.00861691,-2.43945e-05,4
17976566,-1.14273e-06,-2.12714e-05,0.000252156,0.647617,-0.653166,0.273181,-0.281672,0.999963,0.000100317,-0.00861691,-2.43945e-05,4
18005294,-0.000220684,0.000954963,0.000678067,0.647617,-0.653163,0.273182,-0.281677,0.999963,0.000100317,-0.00861691,-2.43945e-05,4
18037464,-0.000426874,2.67234e-05,0.000579515,0.647609,-0.65316,0.273195,-0.281691,0.999963,0.000100317,-0.00861691,-2.43945e-05,4
18069443,0.000309012,0.000569917,0.000354353,0.647605,-0.653147,0.273213,-0.281711,0.999963,0.000100317,-0.00861691,-2.43945e-05,4
18101417,0.00126174,-0.000151884,-0.000602496,0.647597,-0.653141,0.273224,-0.281733,0.999963,0.000100317,-0.00861691,-2.43945e-05,4
18133312,0.000306481,-0.000239272,-0.000286731,0.647593,-0.653128,0.273244,-0.281754,0.999963,0.000100317,-0.00861691,-2.43945e-05,4
18165318,-0.000431223,-0.000726664,-0.000611894,0.647573,-0.653121,0.273271,-0.281789,0.999963,0.000100317,-0.00861691,-2.43945e-05,4
18194114,0.000305567,0.00122321,0.000345613,0.647561,-0.653107,0.273299,-0.281823,0.999963,0.000100317,-0.00861691,-2.43945e-05,4
18226129,-0.000760088,-1.95941e-05,0.000344734,0.647547,-0.653087,0.273337,-0.281865,0.999963,0.000100317,-0.00861691,-2.43945e-05,4
18259072,0.000572879,0.000655767,-0.000721498,0.647519,-0.653075,0.273386,-0.281909,0.999963,0.000100317,-0.00861691,-2.43945e-05,4
18291883,-0.000762646,-9.31527e-05,0.000341759,0.647491,-0.653067,0.273428,-0.28195,0.999963,0.000100317,-0.00861691,-2.43945e-05,4
18319744,0.00136411,0.000251076,0.00140413,0.647479,-0.653045,0.27347,-0.281987,0.999963,0.000100317,-0.00861691,-2.43945e-05,4
18351739,0.00179044,0.000257227,0.000124788,0.647468,-0.653017,0.273506,-0.282044,0.999963,0.000100317,-0.00861691,-2.43945e-05,4
18383682,-0.000656358,-0.000683249,0.000336798,0.647444,-0.653004,0.273551,-0.282085,0.999963,0.000100317,-0.00861691,-2.43945e-05,4
18416524,0.000298403,0.00072119,-0.000408507,0.647421,-0.652988,0.273593,-0.282135,0.999963,0.000100317,-0.00861691,-2.43945e-05,4
18448503,-0.000121359,-0.000434056,7.04057e-06,0.647406,-0.652967,0.273637,-0.282175,0.999963,0.000100317,-0.00861691,-2.43945e-05,4
18480547,0.00073007,0.000316755,0.000222294,0.647393,-0.652945,0.27368,-0.282216,0.999963,0.000100317,-0.00861691,-2.43945e-05,4
18508605,-1.46083e-05,-0.000427031,5.53927e-06,0.647384,-0.652926,0.273707,-0.282252,0.999963,0.000100317,-0.00861691,-2.43945e-05,4
18540547,0.000190618,-0.000437762,0.000328722,0.647372,-0.652908,0.273742,-0.282287,0.999963,0.000100317,-0.00861691,-2.43945e-05,4
18572496,-0.000658675,0.000314215,0.000325826,0.647357,-0.652896,0.273774,-0.282318,0.999963,0.000100317,-0.00861691,-2.43945e-05,4
18604532,-0.000871827,0.001267,0.000326082,0.647344,-0.652887,0.273806,-0.282338,0.999963,0.000100317,-0.00861691,-2.43945e-05,4
18636523,0.000509781,0.00136674,-0.000317703,0.647333,-0.652875,0.27383,-0.282368,0.999963,0.000100317,-0.00861691,-2.43945e-05,4
18668527,0.000296517,-0.000135488,-0.000102143,0.647329,-0.652864,0.273843,-0.282389,0.999963,0.000100317,-0.00861691,-2.43945e-05,4
18700512,0.000185629,-0.00132126,0.000752326,0.647332,-0.652858,0.273846,-0.282393,0.999963,0.000100317,-0.00861691,-2.43945e-05,4
18732534,0.000294702,0.000370754,-0.000101327,0.647329,-0.652862,0.27384,-0.282396,0.999963,0.000100317,-0.00861691,-2.43945e-05,4
18760585,-0.000332498,4.16851e-05,0.000322494,0.647333,-0.652865,0.273831,-0.282391,0.999963,0.000100317,-0.00861691,-2.43945e-05,4
18792536,-0.000242635,-7.5968e-05,0.000321448,0.647333,-0.65287,0.273827,-0.282382,0.999963,0.000100317,-0.00861691,-2.43945e-05,4
18824590,-0.000878953,-0.000846813,-0.000531028,0.647336,-0.652877,0.273814,-0.282371,0.999963,0.000100317,-0.00861691,-2.43945e-05,4
18856629,0.000291355,-0.000648858,0.000320013,0.647339,-0.652888,0.273795,-0.282357,0.999963,0.000100317,-0.00861691,-2.43945e-05,4
18888484,7.80046e-05,0.00103098,-0.000531644,0.647342,-0.652905,0.273768,-0.282338,0.999963,0.000100317,-0.00861691,-2.43945e-05,4
18920548,-0.000774082,0.000787162,0.000318802,0.647352,-0.652913,0.273744,-0.282319,0.999963,0.000100317,-0.00861691,-2.43945e-05,4
18952524,0.000289714,0.000134365,-0.000532151,0.647357,-0.652928,0.273715,-0.282301,0.999963,0.000100317,-0.00861691,-2.43945e-05,4
18984559,0.000923059,0.000339579,-0.00074675,0.647372,-0.65294,0.273679,-0.282274,0.999963,0.000100317,-0.00861691,-2.43945e-05,4
19012547,0.000507836,0.000432251,0.000739543,0.647382,-0.652951,0.273655,-0.282251,0.999963,0.000100317,-0.00861691,-2.43945e-05,4
19046201,-0.000138557,-2.31899e-07,0.000316334,0.647398,-0.652968,0.27361,-0.282217,0.999963,0.000100317,-0.00861691,-2.43945e-05,4
19078232,0.000287065,0.000627189,8.45175e-07,0.647409,-0.652986,0.273576,-0.282183,0.999963,0.000100317,-0.00861691,-2.43945e-05,4
19110204,-0.000456012,0.000826628,-0.000748532,0.647422,-0.652999,0.273546,-0.282152,0.999963,0.000100317,-0.00861691,-2.43945e-05,4
19142157,0.000605293,6.4929e-05,0.000204801,0.647433,-0.653018,0.273504,-0.282122,0.999963,0.000100317,-0.00861691,-2.43945e-05,4
19170120,-0.00024921,-0.000679685,0.000314403,0.647443,-0.653031,0.273479,-0.282095,0.999963,0.000100317,-0.00861691,-2.43945e-05,4
19202141,-0.00173597,-0.000473032,-0.000642984,0.64745,-0.653052,0.273441,-0.282068,0.999963,0.000100317,-0.00861691,-2.43945e-05,4
19235697,0.000718405,-0.00100862,0.000198397,0.647464,-0.653064,0.273406,-0.28204,0.999963,0.000100317,-0.00861691,-2.43945e-05,4
19265366,0.000180602,0.000266062,-0.00150016,0.647474,-0.653073,0.273377,-0.282024,0.999963,0.000100317,-0.00861691,-2.43945e-05,4
19297389,0.000287271,0.00034409,0.000309311,0.647479,-0.653089,0.273356,-0.281998,0.999963,0.000100317,-0.00861691,-2.43945e-05,4
19329503,-3.59626e-05,0.000552932,-0.000441898,0.64749,-0.653098,0.27333,-0.281975,0.999963,0.000100317,-0.00861691,-2.43945e-05,4
19361350,-0.000778076,-8.95476e-05,-0.00022446,0.647495,-0.653114,0.273306,-0.28195,0.999963,0.000100317,-0.00861691,-2.43945e-05,4
19393310,-0.000244815,-0.00106964,0.000730319,0.647505,-0.653127,0.273277,-0.281926,0.999963,0.000100317,-0.00861691,-2.43945e-05,4
19425314,-0.000245513,-3.10689e-06,0.00020005,0.647514,-0.653136,0.273258,-0.281902,0.999963,0.000100317,-0.00861691,-2.43945e-05,4
19457339,0.000818687,0.000229132,0.000301595,0.647526,-0.653143,0.273238,-0.281878,0.999963,0.000100317,-0.00861691,-2.43945e-05,4
19485400,-0.000662349,-0.000189081,0.000301303,0.647525,-0.653155,0.273227,-0.281864,0.999963,0.000100317,-0.00861691,-2.43945e-05,4
19517409,-0.000238945,-0.000514238,0.000300907,0.647528,-0.653164,0.273215,-0.281849,0.999963,0.000100317,-0.00861691,-2.43945e-05,4
19549436,0.000288954,-0.000192225,0.000621141,0.647532,-0.653167,0.273207,-0.281838,0.999963,0.000100317,-0.00861691,-2.43945e-05,4
19581326,-0.000775966,-0.0007297,0.000300391,0.64754,-0.653168,0.273199,-0.281826,0.999963,0.000100317,-0.00861691,-2.43945e-05,4
19613302,0.000816627,-8.8972e-05,-0.000763768,0.647546,-0.653169,0.273188,-0.281822,0.999963,0.000100317,-0.00861691,-2.43945e-05,4
19645320,0.000180753,0.00058725,-0.000764244,0.647542,-0.653173,0.273182,-0.281825,0.999963,0.000100317,-0.00861691,-2.43945e-05,4
19677336,0.00091785,0.000161238,-0.00033303,0.647541,-0.653174,0.273178,-0.28183,0.999963,0.000100317,-0.00861691,-2.43945e-05,4
19709318,-0.000673442,6.66371e-05,-0.00108605,0.647535,-0.653174,0.273184,-0.281839,0.999963,0.000100317,-0.00861691,-2.43945e-05,4
19737436,-0.00068047,-0.000984292,0.000299467,0.647531,-0.653171,0.273192,-0.281848,0.999963,0.000100317,-0.00861691,-2.43945e-05,4
19770205,-0.000568549,0.000133443,-0.000658587,0.647523,-0.653164,0.273214,-0.281859,0.999963,0.000100317,-0.00861691,-2.43945e-05,4
19802896,-0.000247303,0.000361692,-0.000344621,0.647509,-0.653159,0.273239,-0.28188,0.999963,0.000100317,-0.00861691,-2.43945e-05,4
19835001,0.000173937,0.00103061,-0.000234643,0.647494,-0.653144,0.273269,-0.281919,0.999963,0.000100317,-0.00861691,-2.43945e-05,4
19867037,0.000488046,0.00083193,-0.000554423,0.647478,-0.653128,0.273306,-0.281956,0.999963,0.000100317,-0.00861691,-2.43945e-05,4
19894941,-0.000788148,0.000306143,-0.000232263,0.647455,-0.65312,0.273344,-0.281992,0.999963,0.000100317,-0.00861691,-2.43945e-05,4
19926920,0.000274937,0.000197991,8.78603e-05,0.647435,-0.653106,0.273376,-0.282037,0.999963,0.000100317,-0.00861691,-2.43945e-05,4
19958908,0.000278113,0.000644835,0.000295044,0.647417,-0.653093,0.273417,-0.282071,0.999963,0.000100317,-0.00861691,-2.43945e-05,4
19992550,0.000277272,-0.000520133,8.05003e-05,0.647396,-0.653081,0.273456,-0.282109,0.999963,0.000100317,-0.00861691,-2.43945e-05,4
20020534,0.000803411,0.00023675,-0.000233086,0.647382,-0.653069,0.273484,-0.282141,0.999963,0.000100317,-0.00861691,-2.43945e-05,4
20052588,-0.000462084,-0.000820724,0.000294493,0.64737,-0.653055,0.273514,-0.282172,0.999963,0.000100317,-0.00861691,-2.43945e-05,4
20084556,0.000273343,0.000242179,0.000187539,0.647357,-0.65304,0.273552,-0.282202,0.999963,0.000100317,-0.00861691,-2.43945e-05,4
20116551,-0.000792239,0.000147474,-0.00077042,0.64734,-0.653027,0.273587,-0.282234,0.999963,0.000100317,-0.00861691,-2.43945e-05,4
20148527,0.000377548,0.000260971,0.00103718,0.647319,-0.653022,0.273624,-0.282258,0.999963,0.000100317,-0.00861691,-2.43945e-05,4
20180540,-4.53012e-05,-0.000683839,-3.48585e-05,0.647308,-0.653012,0.273651,-0.28228,0.999963,0.000100317,-0.00861691,-2.43945e-05,4
20212496,-0.000149619,0.000154253,-0.000667461,0.647296,-0.653002,0.273675,-0.282309,0.999963,0.000100317,-0.00861691,-2.43945e-05,4
20244565,0.000164914,-0.00101844,0.000287171,0.647287,-0.652998,0.273699,-0.282318,0.999963,0.000100317,-0.00861691,-2.43945e-05,4
20272570,0.000690411,0.000149578,-0.00012968,0.647282,-0.652992,0.273711,-0.282328,0.999963,0.000100317,-0.00861691,-2.43945e-05,4
20304661,-0.000156375,0.000242386,-0.000454094,0.647282,-0.652985,0.273717,-0.28234,0.999963,0.000100317,-0.00861691,-2.43945e-05,4
20336592,-4.67282e-05,-0.000399338,-3.01334e-05,0.647276,-0.652986,0.27372,-0.282348,0.999963,0.000100317,-0.00861691,-2.43945e-05,4
20368545,0.000162973,0.000321425,-0.000243792,0.647272,-0.65299,0.273719,-0.28235,0.999963,0.000100317,-0.00861691,-2.43945e-05,4
20400602,0.000687825,-0.000537029,-0.000354741,0.647265,-0.652999,0.273711,-0.282351,0.999963,0.000100317,-0.00861691,-2.43945e-05,4
20432686,0.000901623,0.000197419,0.00135343,0.647272,-0.652999,0.273706,-0.282343,0.999963,0.000100317,-0.00861691,-2.43945e-05,4
20464594,-0.000798197,0.000182767,0.000181866,0.647281,-0.653004,0.273693,-0.282322,0.999963,0.000100317,-0.00861691,-2.43945e-05,4
20496520,0.000585228,0.00123388,-0.000133853,0.647281,-0.653011,0.273685,-0.282312,0.999963,0.000100317,-0.00861691,-2.43945e-05,4
20528558,0.000158401,0.00017093,-0.000775748,0.647289,-0.65302,0.273664,-0.282294,0.999963,0.000100317,-0.00861691,-2.43945e-05,4
20557293,-5.86167e-05,-0.000584267,7.40476e-05,0.647292,-0.653034,0.27364,-0.282278,0.999963,0.000100317,-0.00861691,-2.43945e-05,4
20589335,-0.000802147,0.000159145,0.000287757,0.647294,-0.653051,0.273619,-0.282253,0.999963,0.000100317,-0.00861691,-2.43945e-05,4
20622934,0.00015577,0.000147257,0.000497896,0.647302,-0.653059,0.273597,-0.282237,0.999963,0.000100317,-0.00861691,-2.43945e-05,4
20651057,0.000587592,-0.00124788,7.65654e-05,0.647319,-0.653062,0.273577,-0.282214,0.999963,0.000100317,-0.00861691,-2.43945e-05,4
20682900,0.000360699,0.000343814,7.6737e-05,0.647327,-0.653072,0.273555,-0.282193,0.999963,0.000100317,-0.00861691,-2.43945e-05,4
20714958,-0.00155656,0.000133346,-0.000239488,0.647332,-0.653085,0.27354,-0.282166,0.999963,0.000100317,-0.00861691,-2.43945e-05,4
20746996,4.70309e-05,0.000545573,0.000605976,0.647339,-0.653095,0.273526,-0.282139,0.999963,0.000100317,-0.00861691,-2.43945e-05,4
20778872,0.000260885,0.000652142,0.00155867,0.647348,-0.653102,0.273513,-0.282114,0.999963,0.000100317,-0.00861691,-2.43945e-05,4
20810937,0.0010068,-0.000190414,0.000601491,0.64736,-0.653102,0.273502,-0.2821,0.999963,0.000100317,-0.00861691,-2.43945e-05,4
20842921,0.0010075,-0.000948745,-3.63232e-05,0.647368,-0.653109,0.273484,-0.282081,0.999963,0.000100317,-0.00861691,-2.43945e-05,4
20874954,-5.57948e-05,0.000650128,-0.00078308,0.647371,-0.653121,0.27346,-0.282068,0.999963,0.000100317,-0.00861691,-2.43945e-05,4
20903007,0.00100642,0.000110584,0.000281082,0.647379,-0.65313,0.273442,-0.282048,0.999963,0.000100317,-0.00861691,-2.43945e-05,4
20935002,0.0001506,-0.000655784,-0.000680159,0.647388,-0.653133,0.273421,-0.282042,0.999963,0.000100317,-0.00861691,-2.43945e-05,4
20967002,-0.000490889,-1.38208e-05,0.000280603,0.647388,-0.653148,0.273403,-0.282024,0.999963,0.000100317,-0.00861691,-2.43945e-05,4
20998991,-0.000489117,9.21702e-05,0.000174271,0.647392,-0.653155,0.273389,-0.28201,0.999963,0.000100317,-0.00861691,-2.43945e-05,4
21031737,0.00100115,0.00052047,-0.000356599,0.647395,-0.653163,0.27338,-0.281995,0.999963,0.000100317,-0.00861691,-2.43945e-05,4
21063851,-0.000378227,-0.000972509,0.000280246,0.6474,-0.653168,0.273364,-0.281988,0.999963,0.000100317,-0.00861691,-2.43945e-05,4
21092517,7.45403e-05,0.000707799,0.000280247,0.647406,-0.65317,0.273351,-0.281984,0.999963,0.000100317,-0.00861691,-2.43945e-05,4
21126117,-0.000278711,8.7209e-05,0.000280109,0.647404,-0.653176,0.273348,-0.281976,0.999963,0.000100317,-0.00861691,-2.43945e-05,4
21158161,0.000140714,9.29656e-05,0.000279778,0.647405,-0.653182,0.273343,-0.281965,0.999963,0.000100317,-0.00861691,-2.43945e-05,4
21186133,0.000462773,-0.000967473,0.00134389,0.64741,-0.653177,0.273347,-0.281961,0.999963,0.000100317,-0.00861691,-2.43945e-05,4
21218205,-0.00048858,-0.000943322,-0.000674533,0.647414,-0.653177,0.273346,-0.281954,0.999963,0.000100317,-0.00861691,-2.43945e-05,4
21250107,-0.000708366,0.00012812,-0.000262883,0.647409,-0.653178,0.273349,-0.281959,0.999963,0.000100317,-0.00861691,-2.43945e-05,4
21282169,0.00100035,-0.000594008,0.00102221,0.647407,-0.653174,0.273358,-0.281965,0.999963,0.000100317,-0.00861691,-2.43945e-05,4
21314201,-6.63798e-05,-0.000138954,0.000273029,0.647401,-0.65317,0.273374,-0.281971,0.999963,0.000100317,-0.00861691,-2.43945e-05,4
21346160,0.000459853,-0.000338867,0.000166837,0.647403,-0.653154,0.273394,-0.281984,0.999963,0.000100317,-0.00861691,-2.43945e-05,4
21378107,-0.00049399,0.00094569,-4.75633e-05,0.647397,-0.65314,0.273414,-0.282011,0.999963,0.000100317,-0.00861691,-2.43945e-05,4
21410267,0.000140059,0.000216835,0.000273019,0.647378,-0.653134,0.273447,-0.282037,0.999963,0.000100317,-0.00861691,-2.43945e-05,4
21438114,-7.69645e-05,0.000340212,0.000384357,0.647366,-0.653119,0.273477,-0.28207,0.999963,0.000100317,-0.00861691,-2.43945e-05,4
21470190,-0.000817009,0.000887734,0.000273138,0.647349,-0.653103,0.273517,-0.282107,0.999963,0.000100317,-0.00861691,-2.43945e-05,4
21503014,0.000246161,0.000891415,0.000164227,0.647338,-0.653084,0.273553,-0.28214,0.999963,0.000100317,-0.00861691,-2.43945e-05,4
21534976,-0.000613509,-6.50063e-05,-0.000790955,0.647319,-0.653072,0.273592,-0.282175,0.999963,0.000100317,-0.00861691,-2.43945e-05,4
21566955,-0.000188868,0.000272069,-4.05645e-05,0.647298,-0.653061,0.27363,-0.282212,0.999963,0.000100317,-0.00861691,-2.43945e-05,4
21599029,-0.000608444,0.000277143,6.03765e-05,0.647281,-0.653044,0.273676,-0.282246,0.999963,0.000100317,-0.00861691,-2.43945e-05,4
21630985,0.000242193,0.000487771,0.000273219,0.647268,-0.653024,0.273716,-0.282284,0.999963,0.000100317,-0.00861691,-2.43945e-05,4
21658957,-7.5618e-05,0.000602903,-0.00175174,0.647248,-0.653013,0.273749,-0.282321,0.999963,0.000100317,-0.00861691,-2.43945e-05,4
21690938,0.00034977,-0.000681764,0.000378875,0.647236,-0.653005,0.273776,-0.282343,0.999963,0.000100317,-0.00861691,-2.43945e-05,4
21722985,0.000556538,0.00122477,0.0004846,0.647226,-0.65299,0.273808,-0.282369,0.999963,0.000100317,-0.00861691,-2.43945e-05,4
21754882,0.0013049,-5.34272e-05,-0.000474695,0.647212,-0.652982,0.273833,-0.282394,0.999963,0.000100317,-0.00861691,-2.43945e-05,4
21786926,0.00109155,0.000261864,0.00102339,0.647207,-0.652975,0.273851,-0.282405,0.999963,0.000100317,-0.00861691,-2.43945e-05,4
21819036,0.000239151,0.000994978,0.000271677,0.647202,-0.652971,0.273858,-0.282417,0.999963,0.000100317,-0.00861691,-2.43945e-05,4
21850937,-0.000179175,0.000247053,0.000271632,0.647199,-0.652968,0.273863,-0.282426,0.999963,0.000100317,-0.00861691,-2.43945e-05,4
21882942,0.00119083,0.00077336,-0.000153718,0.647198,-0.652969,0.27387,-0.282423,0.999963,0.000100317,-0.00861691,-2.43945e-05,4
21911005,0.000236831,0.000343278,0.00101555,0.647201,-0.652965,0.273874,-0.282419,0.999963,0.000100317,-0.00861691,-2.43945e-05,4
21942912,-0.000828028,0.000338065,-0.00111221,0.647198,-0.65297,0.273869,-0.28242,0.999963,0.000100317,-0.00861691,-2.43945e-05,4
21974920,-7.98826e-05,0.00065894,-0.000477121,0.647194,-0.652978,0.273863,-0.282418,0.999963,0.000100317,-0.00861691,-2.43945e-05,4
22006925,0.000552373,0.000115593,-0.000267402,0.64719,-0.652988,0.273856,-0.282409,0.999963,0.000100317,-0.00861691,-2.43945e-05,4
22038981,0.000234163,0.000975509,0.000271619,0.647194,-0.652991,0.273853,-0.282394,0.999963,0.000100317,-0.00861691,-2.43945e-05,4
22068550,1.83091e-05,0.000103209,-0.000577125,0.647193,-0.652994,0.273848,-0.282395,0.999963,0.000100317,-0.00861691,-2.43945e-05,4
22100627,0.00182962,-0.000117802,0.000163825,0.647202,-0.652999,0.273831,-0.282379,0.999963,0.000100317,-0.00861691,-2.43945e-05,4
22132642,0.000232586,0.00125473,0.0002716,0.647207,-0.653001,0.273818,-0.282376,0.999963,0.000100317,-0.00861691,-2.43945e-05,4
22164562,0.000651129,0.000599023,0.0010139,0.647212,-0.65301,0.273803,-0.282358,0.999963,0.000100317,-0.00861691,-2.43945e-05,4
22196554,0.000339347,0.000166295,0.000271664,0.647219,-0.653024,0.273776,-0.282336,0.999963,0.000100317,-0.00861691,-2.43945e-05,4
22228511,2.10505e-05,0.000171758,0.000586305,0.647225,-0.65303,0.273762,-0.282323,0.999963,0.000100317,-0.00861691,-2.43945e-05,4
22260524,0.000132072,0.000469918,-0.000483176,0.647234,-0.653035,0.273745,-0.282306,0.999963,0.000100317,-0.00861691,-2.43945e-05,4
22288525,-0.00167858,0.00122064,-0.000365589,0.647243,-0.653043,0.273726,-0.282286,0.999963,0.000100317,-0.00861691,-2.43945e-05,4
22320530,-0.000830621,0.000779793,-0.000257604,0.647254,-0.653052,0.273702,-0.282264,0.999963,0.000100317,-0.00861691,-2.43945e-05,4
22352497,0.000867438,0.00014247,0.00111792,0.647263,-0.653061,0.273684,-0.28224,0.999963,0.000100317,-0.00861691,-2.43945e-05,4
22384539,0.000125053,-0.000714384,0.000268695,0.647277,-0.653069,0.273659,-0.282212,0.999963,0.000100317,-0.00861691,-2.43945e-05,4
22416516,-8.70444e-05,-0.000934252,0.000696564,0.647281,-0.653086,0.273639,-0.282183,0.999963,0.000100317,-0.00861691,-2.43945e-05,4
22449308,-0.00115663,0.000346392,0.000808277,0.647292,-0.653093,0.273618,-0.282163,0.999963,0.000100317,-0.00861691,-2.43945e-05,4
22481403,0.000230733,-0.000944133,0.00015972,0.647302,-0.653105,0.273592,-0.282139,0.999963,0.000100317,-0.00861691,-2.43945e-05,4
22509354,0.000230361,0.000329181,-0.000795232,0.647309,-0.653109,0.27357,-0.282132,0.999963,0.000100317,-0.00861691,-2.43945e-05,4
22541306,0.000229519,0.000118494,0.000908507,0.647321,-0.653112,0.27355,-0.282118,0.999963,0.000100317,-0.00861691,-2.43945e-05,4
22573294,0.00129308,0.000870204,0.000807236,0.647326,-0.653115,0.273544,-0.282106,0.999963,0.000100317,-0.00861691,-2.43945e-05,4
22605347,0.00108327,0.000342188,0.000159709,0.64733,-0.653118,0.27354,-0.282094,0.999963,0.000100317,-0.00861691,-2.43945e-05,4
22637302,-0.000834155,1.79792e-05,0.000589878,0.647333,-0.653123,0.27353,-0.282085,0.999963,0.000100317,-0.00861691,-2.43945e-05,4
22669311,-0.00115621,0.000131645,0.000267833,0.647339,-0.653127,0.273523,-0.282071,0.999963,0.000100317,-0.00861691,-2.43945e-05,4
22701400,0.000228847,-0.00040176,-0.000260403,0.647338,-0.65313,0.273524,-0.282063,0.999963,0.000100317,-0.00861691,-2.43945e-05,4
22733417,-0.000727145,0.000134226,0.00026798,0.647335,-0.653135,0.273517,-0.282065,0.999963,0.000100317,-0.00861691,-2.43945e-05,4
22761400,0.000122454,-0.000714217,0.000268072,0.647339,-0.653132,0.273516,-0.282063,0.999963,0.000100317,-0.00861691,-2.43945e-05,4
22793335,0.000227159,0.000143162,0.00122437,0.647336,-0.653133,0.273525,-0.28206,0.999963,0.000100317,-0.00861691,-2.43945e-05,4
22825287,0.000226506,-0.00038045,0.000268308,0.647336,-0.653131,0.273532,-0.282058,0.999963,0.000100317,-0.00861691,-2.43945e-05,4
22857324,0.000226161,0.000156332,0.000165944,0.647333,-0.65312,0.273544,-0.282078,0.999963,0.000100317,-0.00861691,-2.43945e-05,4
22889344,0.000763784,0.000271346,0.00026844,0.64733,-0.65311,0.27356,-0.282091,0.999963,0.000100317,-0.00861691,-2.43945e-05,4
22921413,0.000645533,0.00018177,0.000268581,0.64733,-0.653101,0.273571,-0.282103,0.999963,0.000100317,-0.00861691,-2.43945e-05,4
22953382,-0.000839697,0.000718821,-0.000795663,0.647324,-0.653096,0.273583,-0.282118,0.999963,0.000100317,-0.00861691,-2.43945e-05,4
22985303,0.00128795,-4.97233e-06,0.000479589,0.647324,-0.653079,0.273599,-0.28214,0.999963,0.000100317,-0.00861691,-2.43945e-05,4
23013326,-0.000311374,-0.0010631,-4.81103e-05,0.647314,-0.653066,0.273624,-0.282167,0.999963,0.000100317,-0.00861691,-2.43945e-05,4
23046134,0.000670358,6.41914e-05,-0.000172896,0.647301,-0.653053,0.273657,-0.282195,0.999963,0.000100317,-0.00861691,-2.43945e-05,4
23078935,0.000976522,-6.69798e-05,-4.11512e-05,0.647292,-0.653037,0.273687,-0.282224,0.999963,0.000100317,-0.00861691,-2.43945e-05,4
23110971,0.000221923,0.000246874,0.000268921,0.647277,-0.653024,0.273729,-0.28225,0.999963,0.000100317,-0.00861691,-2.43945e-05,4
23143041,0.000111576,-6.23045e-05,0.000269047,0.647262,-0.653011,0.273761,-0.282284,0.999963,0.000100317,-0.00861691,-2.43945e-05,4
23171021,-0.000842989,0.000894073,0.000159425,0.647247,-0.653001,0.273793,-0.282308,0.999963,0.000100317,-0.00861691,-2.43945e-05,4
23202896,-0.000526826,0.000268537,0.000162243,0.64723,-0.652988,0.27383,-0.282343,0.999963,0.000100317,-0.00861691,-2.43945e-05,4
23234927,0.000117821,-0.00036236,0.000368316,0.64721,-0.652979,0.273863,-0.282377,0.999963,0.000100317,-0.00861691,-2.43945e-05,4
23266898,0.00202836,-0.000577664,-0.000153412,0.647205,-0.652963,0.273888,-0.282399,0.999963,0.000100317,-0.00861691,-2.43945e-05,4
23298993,9.32254e-06,-0.000683656,0.000266369,0.647201,-0.652945,0.273911,-0.282429,0.999963,0.000100317,-0.00861691,-2.43945e-05,4
23330903,0.000859141,-4.69079e-05,-0.000483213,0.647193,-0.652937,0.273932,-0.282444,0.999963,0.000100317,-0.00861691,-2.43945e-05,4
23362897,-0.000195577,0.000157011,0.000266612,0.647185,-0.652932,0.273953,-0.282456,0.999963,0.000100317,-0.00861691,-2.43945e-05,4
23395002,-0.000522359,-0.00081732,0.000266682,0.647184,-0.652923,0.273971,-0.282462,0.999963,0.000100317,-0.00861691,-2.43945e-05,4
23422985,0.000223701,0.000239986,-0.000163997,0.647187,-0.652914,0.27398,-0.282466,0.999963,0.000100317,-0.00861691,-2.43945e-05,4
23454908,-0.00116584,0.000552213,-5.00982e-05,0.647181,-0.652916,0.273987,-0.282471,0.999963,0.000100317,-0.00861691,-2.43945e-05,4
23486948,-0.000738796,0.000228186,-0.000156002,0.647178,-0.65292,0.273982,-0.28247,0.999963,0.000100317,-0.00861691,-2.43945e-05,4
23518930,-0.000733701,0.000225689,-0.000583386,0.647176,-0.652926,0.273975,-0.282468,0.999963,0.000100317,-0.00861691,-2.43945e-05,4
23550921,0.00022295,-0.000839836,0.000267127,0.647185,-0.652928,0.273958,-0.282461,0.999963,0.000100317,-0.00861691,-2.43945e-05,4
23582911,-0.000735481,0.000861824,0.000587823,0.647197,-0.65293,0.273943,-0.282442,0.999963,0.000100317,-0.00861691,-2.43945e-05,4
23614978,-0.00137213,-0.000736418,0.000588017,0.647194,-0.652944,0.273932,-0.282428,0.999963,0.000100317,-0.00861691,-2.43945e-05,4
23646916,0.000119309,-0.000540724,0.000267208,0.647201,-0.652948,0.273921,-0.282411,0.999963,0.000100317,-0.00861691,-2.43945e-05,4
23675737,-0.000627409,-0.000857552,0.00079773,0.647207,-0.652954,0.273909,-0.282398,0.999963,0.000100317,-0.00861691,-2.43945e-05,4
23707682,0.00043313,0.00105442,-0.000269538,0.647212,-0.652961,0.273899,-0.282381,0.999963,0.000100317,-0.00861691,-2.43945e-05,4
23739696,0.000222391,-0.00034759,-0.000796805,0.647225,-0.652959,0.273881,-0.282373,0.999963,0.000100317,-0.00861691,-2.43945e-05,4
23771712,0.000222497,0.000179179,-0.000478129,0.647233,-0.652968,0.273856,-0.282358,0.999963,0.000100317,-0.00861691,-2.43945e-05,4
23803708,-9.10608e-05,0.000176504,0.000267451,0.647238,-0.652976,0.273833,-0.282348,0.999963,0.000100317,-0.00861691,-2.43945e-05,4
23835765,-0.000839524,-0.000897628,0.000265825,0.647249,-0.652985,0.273812,-0.282322,0.999963,0.000100317,-0.00861691,-2.43945e-05,4
23868498,-0.00065806,-0.000455113,-0.000359169,0.647254,-0.653,0.273783,-0.282304,0.999963,0.000100317,-0.00861691,-2.43945e-05,4
23901307,-0.00147305,0.00218346,0.00058895,0.647259,-0.653008,0.273773,-0.282285,0.999963,0.000100317,-0.00861691,-2.43945e-05,4
23933328,0.00011789,0.000896527,0.000477417,0.647268,-0.653016,0.273751,-0.282266,0.999963,0.000100317,-0.00861691,-2.43945e-05,4
23965363,1.08683e-05,0.000472603,0.00122071,0.647278,-0.653023,0.273733,-0.282247,0.999963,0.000100317,-0.00861691,-2.43945e-05,4
23993342,0.000333752,0.000454263,0.00133021,0.647285,-0.653026,0.273718,-0.282236,0.999963,0.000100317,-0.00861691,-2.43945e-05,4
24025347,-0.000306362,-0.000301383,-0.000481896,0.647297,-0.653034,0.273691,-0.282217,0.999963,0.000100317,-0.00861691,-2.43945e-05,4
24057341,0.00108641,2.78456e-05,-0.00017566,0.64731,-0.653044,0.273665,-0.282189,0.999963,0.000100317,-0.00861691,-2.43945e-05,4
24089309,-0.000411472,-0.000933973,0.000583467,0.647323,-0.653054,0.273636,-0.282164,0.999963,0.000100317,-0.00861691,-2.43945e-05,4
24121340,0.000123726,0.000129146,0.00101196,0.647336,-0.653058,0.273616,-0.282145,0.999963,0.000100317,-0.00861691,-2.43945e-05,4
24153322,-0.000413712,0.000119796,-0.000273796,0.647343,-0.653066,0.2736,-0.282125,0.999963,0.000100317,-0.00861691,-2.43945e-05,4
24185329,0.000345342,0.000439088,0.000693341,0.647351,-0.653075,0.273582,-0.282105,0.999963,0.000100317,-0.00861691,-2.43945e-05,4
24217316,-9.16743e-05,-0.000203677,-0.000374869,0.647363,-0.653079,0.273562,-0.282086,0.999963,0.000100317,-0.00861691,-2.43945e-05,4
24245481,0.000863104,0.000115749,0.000154193,0.647372,-0.653083,0.273549,-0.282069,0.999963,0.000100317,-0.00861691,-2.43945e-05,4
24277452,-0.000836744,0.000640964,0.000262837,0.647374,-0.65309,0.273538,-0.282059,0.999963,0.000100317,-0.00861691,-2.43945e-05,4
24309314,-0.000837044,-0.000953385,0.000685221,0.647385,-0.653093,0.273528,-0.282037,0.999963,0.000100317,-0.00861691,-2.43945e-05,4
24341352,0.000226947,0.00011278,0.000471558,0.647387,-0.6531,0.273517,-0.282026,0.999963,0.000100317,-0.00861691,-2.43945e-05,4
24373346,-0.000201415,0.0001205,5.12528e-05,0.64739,-0.653106,0.273512,-0.28201,0.999963,0.000100317,-0.00861691,-2.43945e-05,4
24406097,-0.00110152,0.000123899,-0.000713856,0.647386,-0.653107,0.273512,-0.282018,0.999963,0.000100317,-0.00861691,-2.43945e-05,4
24434150,0.000226264,0.00098148,-0.000587252,0.647386,-0.653107,0.273512,-0.282019,0.999963,0.000100317,-0.00861691,-2.43945e-05,4
24466164,0.000225927,-0.000387718,0.00026248,0.647383,-0.653104,0.273516,-0.282028,0.999963,0.000100317,-0.00861691,-2.43945e-05,4
24499696,0.000225757,-0.000386197,-0.000801809,0.647379,-0.653099,0.273527,-0.282037,0.999963,0.000100317,-0.00861691,-2.43945e-05,4
24531775,1.14355e-05,-0.000378973,-5.56312e-05,0.647375,-0.653097,0.273533,-0.282047,0.999963,0.000100317,-0.00861691,-2.43945e-05,4
24563719,0.000331588,0.000691094,0.000262256,0.647361,-0.653096,0.273553,-0.28206,0.999963,0.000100317,-0.00861691,-2.43945e-05,4
24591808,0.000227017,0.0015649,5.24553e-05,0.647356,-0.653081,0.273579,-0.282084,0.999963,0.000100317,-0.00861691,-2.43945e-05,4
24623721,1.23165e-05,0.000729283,-0.000273073,0.647345,-0.653073,0.273593,-0.282111,0.999963,0.000100317,-0.00861691,-2.43945e-05,4
24655719,0.000975502,-0.000526996,-0.000806758,0.647338,-0.65306,0.273615,-0.282136,0.999963,0.000100317,-0.00861691,-2.43945e-05,4
24687698,-0.000293314,0.00128144,0.000472572,0.647326,-0.653049,0.273641,-0.282165,0.999963,0.000100317,-0.00861691,-2.43945e-05,4
24719746,0.000972629,0.000229709,0.00089723,0.647315,-0.653032,0.273679,-0.282193,0.999963,0.000100317,-0.00861691,-2.43945e-05,4
24751725,-0.000192786,-0.000727319,0.000891997,0.647303,-0.653018,0.27371,-0.282224,0.999963,0.000100317,-0.00861691,-2.43945e-05,4
24783724,0.000653453,0.000117595,0.000257414,0.647293,-0.653006,0.273731,-0.282252,0.999963,0.000100317,-0.00861691,-2.43945e-05,4
24815703,0.000122458,0.000443038,0.000363881,0.647286,-0.652988,0.273761,-0.282281,0.999963,0.000100317,-0.00861691,-2.43945e-05,4
24843820,0.000444641,2.26935e-05,0.000257389,0.647281,-0.652971,0.273786,-0.282308,0.999963,0.000100317,-0.00861691,-2.43945e-05,4
24875687,-0.00168943,0.000342308,0.000257419,0.647274,-0.652956,0.273809,-0.282335,0.999963,0.000100317,-0.00861691,-2.43945e-05,4
24907751,-9.28459e-05,0.000343386,-0.000704901,0.647259,-0.652947,0.273841,-0.282359,0.999963,0.000100317,-0.00861691,-2.43945e-05,4
24939726,0.000655032,-0.000189111,0.000257149,0.647259,-0.652935,0.273852,-0.282376,0.999963,0.000100317,-0.00861691,-2.43945e-05,4
24971719,0.00033422,0.000228103,-0.000387771,0.647254,-0.652927,0.273865,-0.282395,0.999963,0.000100317,-0.00861691,-2.43945e-05,4
25003682,0.000227536,0.00022777,-0.000807376,0.647251,-0.652918,0.273871,-0.282415,0.999963,0.000100317,-0.00861691,-2.43945e-05,4
25035772,-0.000196765,-0.000625184,0.000999992,0.647249,-0.652911,0.273886,-0.282423,0.999963,0.000100317,-0.00861691,-2.43945e-05,4
25067691,-0.000836915,-0.00116426,0.000150035,0.647243,-0.652912,0.273895,-0.282426,0.999963,0.000100317,-0.00861691,-2.43945e-05,4
25095786,0.000227211,-0.000848541,0.000256348,0.64724,-0.652915,0.273896,-0.282427,0.999963,0.000100317,-0.00861691,-2.43945e-05,4
25127671,0.000124641,0.000212585,-0.000808156,0.647239,-0.652916,0.273895,-0.282426,0.999963,0.000100317,-0.00861691,-2.43945e-05,4
25159865,0.000226963,-0.00053027,0.00077967,0.647242,-0.652914,0.273892,-0.282425,0.999963,0.000100317,-0.00861691,-2.43945e-05,4
25191770,0.000120542,-0.000857806,0.000255633,0.647242,-0.652919,0.273888,-0.282419,0.999963,0.000100317,-0.00861691,-2.43945e-05,4
25223827,0.000546041,0.00094385,0.000468475,0.647244,-0.652922,0.273883,-0.282412,0.999963,0.000100317,-0.00861691,-2.43945e-05,4
25255667,0.00022669,-0.000234019,-6.4854e-05,0.647246,-0.652927,0.27387,-0.282406,0.999963,0.000100317,-0.00861691,-2.43945e-05,4
25287782,0.000226624,-0.000122431,0.000255257,0.647253,-0.652928,0.273863,-0.282397,0.999963,0.000100317,-0.00861691,-2.43945e-05,4
25319839,0.000330111,-0.000774604,-0.000809264,0.647258,-0.652935,0.27385,-0.28238,0.999963,0.000100317,-0.00861691,-2.43945e-05,4
25347747,0.000226574,0.00113277,0.000365477,0.647268,-0.652934,0.273837,-0.282373,0.999963,0.000100317,-0.00861691,-2.43945e-05,4
25379702,0.000331145,-0.000565572,-6.33984e-05,0.64728,-0.652938,0.273816,-0.282357,0.999963,0.000100317,-0.00861691,-2.43945e-05,4
25411740,0.000652086,-0.000467035,0.00121233,0.647288,-0.652944,0.2738,-0.282342,0.999963,0.000100317,-0.00861691,-2.43945e-05,4
25443810,-0.00083783,-0.00164293,0.00025442,0.647296,-0.652952,0.273784,-0.282319,0.999963,0.000100317,-0.00861691,-2.43945e-05,4
25475716,0.00160986,-0.000691982,0.000254162,0.647315,-0.652953,0.273762,-0.282294,0.999963,0.000100317,-0.00861691,-2.43945e-05,4
25507756,-8.50658e-05,0.000154704,0.000253911,0.647324,-0.65296,0.273735,-0.282284,0.999963,0.000100317,-0.00861691,-2.43945e-05,4
25536520,0.000226343,0.000149445,-0.000278714,0.647333,-0.652963,0.273721,-0.28227,0.999963,0.000100317,-0.00861691,-2.43945e-05,4
25569314,0.000336492,0.000143123,0.000253674,0.647347,-0.652961,0.273703,-0.282261,0.999963,0.000100317,-0.00861691,-2.43945e-05,4
25601348,0.000226312,-7.01156e-05,-0.000810819,0.647353,-0.652971,0.273683,-0.282241,0.999963,0.000100317,-0.00861691,-2.43945e-05,4
25634156,-0.000731629,0.000141686,0.00089812,0.647366,-0.652975,0.273664,-0.282222,0.999963,0.000100317,-0.00861691,-2.43945e-05,4
25666097,0.0005465,-0.000931038,0.000253073,0.647376,-0.652981,0.273643,-0.282204,0.999963,0.000100317,-0.00861691,-2.43945e-05,4
25698114,0.000437591,0.00012944,-0.000392504,0.647382,-0.652988,0.273622,-0.282197,0.999963,0.000100317,-0.00861691,-2.43945e-05,4
25730193,-0.000414731,-0.00092777,-0.000497833,0.647393,-0.652993,0.273598,-0.282183,0.999963,0.000100317,-0.00861691,-2.43945e-05,4
25762146,0.000230263,-0.000821633,0.000249666,0.647395,-0.653001,0.273587,-0.28217,0.999963,0.000100317,-0.00861691,-2.43945e-05,4
25794136,0.000442062,0.00110152,-0.000178345,0.647398,-0.653003,0.273578,-0.282167,0.999963,0.000100317,-0.00861691,-2.43945e-05,4
25826166,-0.000410899,0.000246949,-0.00038765,0.647395,-0.653013,0.273574,-0.282155,0.999963,0.000100317,-0.00861691,-2.43945e-05,4
25858099,0.000231797,0.00110268,-0.000173992,0.647403,-0.653011,0.273565,-0.282149,0.999963,0.000100317,-0.00861691,-2.43945e-05,4
25890186,0.000547628,0.000248663,-0.000600311,0.647394,-0.653023,0.273555,-0.282151,0.999963,0.000100317,-0.00861691,-2.43945e-05,4
25918100,-0.000408403,-0.000914708,0.000137189,0.647396,-0.653026,0.273545,-0.282149,0.999963,0.000100317,-0.00861691,-2.43945e-05,4
25950193,0.00023108,0.00111008,-0.000603548,0.647398,-0.653026,0.273538,-0.282151,0.999963,0.000100317,-0.00861691,-2.43945e-05,4
25982107,0.000336262,4.73512e-05,-0.000711539,0.647395,-0.653024,0.273538,-0.282164,0.999963,0.000100317,-0.00861691,-2.43945e-05,4
26014099,0.000125526,0.000156148,-0.000392122,0.647398,-0.653017,0.273535,-0.282176,0.999963,0.000100317,-0.00861691,-2.43945e-05,4
26046121,-0.000521558,5.29047e-05,-0.000178524,0.647396,-0.653015,0.273537,-0.282184,0.999963,0.000100317,-0.00861691,-2.43945e-05,4
26078128,-0.000727537,5.51576e-05,0.000247561,0.647399,-0.653009,0.273538,-0.282189,0.999963,0.000100317,-0.00861691,-2.43945e-05,4
26110114,0.000229911,-0.000789858,-0.00177493,0.647396,-0.653002,0.273547,-0.282203,0.999963,0.000100317,-0.00861691,-2.43945e-05,4
26138232,0.000129099,-0.00142483,0.000998233,0.647397,-0.652995,0.273556,-0.28221,0.999963,0.000100317,-0.00861691,-2.43945e-05,4
26170975,0.000229514,-0.000880324,-0.000277899,0.647391,-0.652993,0.273567,-0.282217,0.999963,0.000100317,-0.00861691,-2.43945e-05,4
26202987,0.000767678,0.000407022,-0.000171991,0.647392,-0.65298,0.273581,-0.282231,0.999963,0.000100317,-0.00861691,-2.43945e-05,4
26236547,-0.000300172,0.000620259,3.17269e-05,0.647387,-0.652966,0.273601,-0.282256,0.999963,0.000100317,-0.00861691,-2.43945e-05,4
26264483,0.00108488,-0.000331888,0.000356208,0.647382,-0.652956,0.273622,-0.282269,0.999963,0.000100317,-0.00861691,-2.43945e-05,4
26296484,-0.000727645,-0.000110461,0.000247331,0.647374,-0.65295,0.273638,-0.282286,0.999963,0.000100317,-0.00861691,-2.43945e-05,4
26328515,0.000442049,0.00021687,0.00066625,0.647368,-0.652939,0.273659,-0.282305,0.999963,0.000100317,-0.00861691,-2.43945e-05,4
26360554,0.00086597,0.000120351,0.000773452,0.647363,-0.65292,0.273691,-0.28233,0.999963,0.000100317,-0.00861691,-2.43945e-05,4
26392501,-0.000293455,0.00129315,-0.000821517,0.647354,-0.652909,0.273723,-0.282345,0.999963,0.000100317,-0.00861691,-2.43945e-05,4
26425294,0.000234497,-8.54488e-05,0.000242812,0.647342,-0.6529,0.273742,-0.282374,0.999963,0.000100317,-0.00861691,-2.43945e-05,4
26457354,-8.25184e-05,0.000224141,-7.39633e-05,0.647341,-0.652887,0.273755,-0.282393,0.999963,0.000100317,-0.00861691,-2.43945e-05,4
26485358,0.000234051,0.000862146,0.000135047,0.647336,-0.652876,0.273771,-0.282416,0.999963,0.000100317,-0.00861691,-2.43945e-05,4
26517370,0.000978756,0.000229851,0.00130723,0.647339,-0.652862,0.273779,-0.282433,0.999963,0.000100317,-0.00861691,-2.43945e-05,4
26550218,-0.000830635,-0.000299969,-0.000821071,0.64733,-0.652854,0.273799,-0.282455,0.999963,0.000100317,-0.00861691,-2.43945e-05,4
26582143,0.00087352,-0.000739945,3.0335e-05,0.647329,-0.652845,0.273808,-0.282469,0.999963,0.000100317,-0.00861691,-2.43945e-05,4
26615012,-0.000386939,4.16292e-05,-0.000822509,0.647322,-0.652845,0.273815,-0.282477,0.999963,0.000100317,-0.00861691,-2.43945e-05,4
26643708,-0.000828708,0.000208425,0.000454657,0.647319,-0.652845,0.273819,-0.282479,0.999963,0.000100317,-0.00861691,-2.43945e-05,4
26675820,0.000986052,0.000206619,0.00130617,0.647319,-0.652844,0.273822,-0.282481,0.999963,0.000100317,-0.00861691,-2.43945e-05,4
26707740,0.000235147,0.000200589,0.000242016,0.647316,-0.652846,0.273819,-0.282485,0.999963,0.000100317,-0.00861691,-2.43945e-05,4
26739686,0.000237058,0.000409724,0.000347001,0.647319,-0.65285,0.273812,-0.282475,0.999963,0.000100317,-0.00861691,-2.43945e-05,4
26771820,0.000236832,-2.23098e-05,0.000139742,0.647328,-0.652848,0.273802,-0.282468,0.999963,0.000100317,-0.00861691,-2.43945e-05,4
26803831,0.000240901,-0.000226993,0.000555626,0.647336,-0.652848,0.273795,-0.282457,0.999963,0.000100317,-0.00861691,-2.43945e-05,4
26831750,0.000240639,-0.000539751,0.000238114,0.64734,-0.652853,0.273786,-0.282445,0.999963,0.000100317,-0.00861691,-2.43945e-05,4
26864518,0.000240382,0.00210822,0.000771858,0.647344,-0.652859,0.273776,-0.282434,0.999963,0.000100317,-0.00861691,-2.43945e-05,4
26896482,0.000989242,0.000501722,0.000238582,0.64735,-0.652858,0.273772,-0.282426,0.999963,0.000100317,-0.00861691,-2.43945e-05,4
26928545,0.000239914,-0.000463887,0.000131954,0.647361,-0.652861,0.273753,-0.28241,0.999963,0.000100317,-0.00861691,-2.43945e-05,4
26960561,-9.13176e-05,-0.000563538,0.000238925,0.64737,-0.652865,0.273738,-0.282394,0.999963,0.000100317,-0.00861691,-2.43945e-05,4
26992544,0.000132991,0.000905727,0.000239174,0.647373,-0.652874,0.273722,-0.282384,0.999963,0.000100317,-0.00861691,-2.43945e-05,4
27020609,0.000241372,0.000907637,-0.000399288,0.647383,-0.652872,0.273711,-0.282377,0.999963,0.000100317,-0.00861691,-2.43945e-05,4
27052612,0.000451177,0.00079519,0.000129379,0.647386,-0.652882,0.273696,-0.282362,0.999963,0.000100317,-0.00861691,-2.43945e-05,4
27084498,0.000353829,0.000267647,0.000983129,0.647397,-0.652879,0.273688,-0.28235,0.999963,0.000100317,-0.00861691,-2.43945e-05,4
27116482,-0.000720628,0.00110072,-0.000398637,0.647406,-0.652886,0.273666,-0.282335,0.999963,0.000100317,-0.00861691,-2.43945e-05,4
27148508,-0.000935316,-0.000492692,0.000872232,0.647407,-0.652898,0.27365,-0.282318,0.999963,0.000100317,-0.00861691,-2.43945e-05,4
27180547,0.000132903,3.22601e-05,0.000238793,0.647419,-0.652909,0.273625,-0.282291,0.999963,0.000100317,-0.00861691,-2.43945e-05,4
27212535,0.000239882,0.00162118,0.00045608,0.647431,-0.652912,0.273606,-0.282274,0.999963,0.000100317,-0.00861691,-2.43945e-05,4
27241446,-0.000179086,-0.000931866,0.000239219,0.647433,-0.652922,0.273592,-0.282259,0.999963,0.000100317,-0.00861691,-2.43945e-05,4
27274991,0.000878103,0.000123244,0.000452274,0.647447,-0.652925,0.27357,-0.282242,0.999963,0.000100317,-0.00861691,-2.43945e-05,4
27306927,-0.000824928,-0.000303754,0.000239655,0.647456,-0.652932,0.273556,-0.282219,0.999963,0.000100317,-0.00861691,-2.43945e-05,4
27339017,0.000877175,0.000114461,0.000239789,0.647463,-0.652941,0.273534,-0.282205,0.999963,0.000100317,-0.00861691,-2.43945e-05,4
27371078,-0.000395,-0.000636024,0.000239927,0.647468,-0.652944,0.273523,-0.282195,0.999963,0.000100317,-0.00861691,-2.43945e-05,4
27398984,0.0011996,0.000434957,-0.000610124,0.647474,-0.65295,0.273505,-0.282184,0.999963,0.000100317,-0.00861691,-2.43945e-05,4
27430991,0.000873597,-0.000396975,0.000235747,0.647484,-0.652952,0.273487,-0.282175,0.999963,0.000100317,-0.00861691,-2.43945e-05,4
27462942,0.000140731,0.000343023,-0.000399583,0.647489,-0.652957,0.273476,-0.282164,0.999963,0.000100317,-0.00861691,-2.43945e-05,4
27494943,0.000244101,0.000667557,-0.00050385,0.647492,-0.652956,0.27347,-0.282164,0.999963,0.000100317,-0.00861691,-2.43945e-05,4
27526898,0.000987214,0.000451101,0.000236678,0.647499,-0.652956,0.273462,-0.282156,0.999963,0.000100317,-0.00861691,-2.43945e-05,4
27559086,-7.5903e-05,-0.000827804,0.000981948,0.647506,-0.652955,0.273454,-0.282151,0.999963,0.000100317,-0.00861691,-2.43945e-05,4
27591033,0.000243072,0.000132374,0.000343676,0.647507,-0.652956,0.273448,-0.282152,0.999963,0.000100317,-0.00861691,-2.43945e-05,4
27623034,0.0013069,2.55136e-05,0.00087308,0.647516,-0.652946,0.273444,-0.282157,0.999963,0.000100317,-0.00861691,-2.43945e-05,4
27651009,2.7807e-05,0.000452999,2.31259e-05,0.647517,-0.652941,0.273448,-0.282163,0.999963,0.000100317,-0.00861691,-2.43945e-05,4
27682936,0.000242064,0.000139816,0.000237936,0.64751,-0.652946,0.273455,-0.282162,0.999963,0.000100317,-0.00861691,-2.43945e-05,4
27713385,0.00077671,0.000994539,-0.000826044,0.647508,-0.652933,0.273467,-0.282183,0.999963,0.000100317,-0.00861691,-2.43945e-05,4
27746136,0.000346223,-0.000807683,0.000557699,0.647516,-0.65292,0.273472,-0.282191,0.999963,0.000100317,-0.00861691,-2.43945e-05,4
27778094,0.000241017,0.000153149,-0.000825583,0.647514,-0.65291,0.273485,-0.282206,0.999963,0.000100317,-0.00861691,-2.43945e-05,4
27810121,-8.15748e-05,-0.000798193,-0.00018389,0.647513,-0.652897,0.2735,-0.282222,0.999963,0.000100317,-0.00861691,-2.43945e-05,4
27842195,-0.000504427,0.000807506,-0.000825101,0.647504,-0.65289,0.273517,-0.282243,0.999963,0.000100317,-0.00861691,-2.43945e-05,4
27874124,0.000244058,0.000184407,-8.14318e-05,0.647502,-0.652879,0.273526,-0.282265,0.999963,0.000100317,-0.00861691,-2.43945e-05,4
27906107,0.000352904,9.11402e-05,0.00119283,0.647495,-0.652868,0.273548,-0.282286,0.999963,0.000100317,-0.00861691,-2.43945e-05,4
27934219,0.00183872,-0.000869917,-0.000830269,0.647493,-0.652857,0.273564,-0.282299,0.999963,0.000100317,-0.00861691,-2.43945e-05,4
27966898,0.000782221,0.00134852,-3.36492e-05,0.647485,-0.652843,0.273586,-0.282328,0.999963,0.000100317,-0.00861691,-2.43945e-05,4
27999023,-0.000175857,-0.000232115,-0.000510359,0.647478,-0.652835,0.273601,-0.282349,0.999963,0.000100317,-0.00861691,-2.43945e-05,4
28031770,-0.000499718,0.00019531,-8.96498e-05,0.647468,-0.652828,0.273624,-0.282366,0.999963,0.000100317,-0.00861691,-2.43945e-05,4
28063853,3.42089e-05,0.000727063,0.00055428,0.647458,-0.652822,0.273648,-0.282381,0.999963,0.000100317,-0.00861691,-2.43945e-05,4
28092496,-0.000286951,0.000522548,-0.0005029,0.647451,-0.652815,0.273665,-0.282394,0.999963,0.000100317,-0.00861691,-2.43945e-05,4
28125312,0.000244823,-1.47214e-05,-0.000828455,0.647448,-0.652807,0.273677,-0.282409,0.999963,0.000100317,-0.00861691,-2.43945e-05,4
28157371,0.000356537,0.000201321,0.000234569,0.647447,-0.652799,0.273689,-0.28242,0.999963,0.000100317,-0.00861691,-2.43945e-05,4
28189293,0.000360328,0.000201804,0.000233409,0.647442,-0.652794,0.273704,-0.282427,0.999963,0.000100317,-0.00861691,-2.43945e-05,4
28221427,0.000142863,0.000841125,0.000233658,0.647439,-0.652788,0.273719,-0.282433,0.999963,0.000100317,-0.00861691,-2.43945e-05,4
28249314,-0.000703955,0.000199317,0.000124623,0.64744,-0.652784,0.273723,-0.282436,0.999963,0.000100317,-0.00861691,-2.43945e-05,4
28282122,-6.25695e-05,-0.00086822,0.000232771,0.647446,-0.652773,0.273724,-0.282446,0.999963,0.000100317,-0.00861691,-2.43945e-05,4
28314093,0.00057602,0.000305561,0.000982758,0.647449,-0.652768,0.273728,-0.282447,0.999963,0.000100317,-0.00861691,-2.43945e-05,4
28346135,0.000355041,-0.000125492,2.07429e-05,0.647448,-0.652772,0.273724,-0.282445,0.999963,0.000100317,-0.00861691,-2.43945e-05,4
28378148,-0.0003862,0.000934526,-0.000721867,0.647448,-0.652772,0.273713,-0.282457,0.999963,0.000100317,-0.00861691,-2.43945e-05,4
28410108,0.00131347,-0.000130038,0.000864245,0.64745,-0.652771,0.273711,-0.282456,0.999963,0.000100317,-0.00861691,-2.43945e-05,4
28438107,0.000248775,-0.00141031,0.000547183,0.647459,-0.652769,0.273702,-0.282449,0.999963,0.000100317,-0.00861691,-2.43945e-05,4
