timestamp,onboard_control_sensors_present,onboard_control_sensors_enabled,onboard_control_sensors_health,nav_state,arming_state,hil_state,failsafe,system_type,system_id,component_id,is_rotary_wing,is_vtol,vtol_fw_permanent_stab,in_transition_mode,in_transition_to_fw,rc_signal_lost,rc_input_mode,data_link_lost,data_link_lost_counter,engine_failure,engine_failure_cmd,mission_failure
3145050,0,0,0,0,1,0,0,1,1,1,0,0,0,0,0,1,0,1,0,0,0,0
3388053,0,0,0,0,1,0,0,1,1,1,0,0,0,0,0,1,0,1,0,0,0,0
3608046,0,0,0,0,1,0,0,1,1,1,0,0,0,0,0,1,0,1,0,0,0,0
3828164,0,0,0,0,1,0,0,1,1,1,0,0,0,0,0,1,0,1,0,0,0,0
4048131,0,0,0,0,1,0,0,1,1,1,0,0,0,0,0,1,0,1,0,0,0,0
4272784,0,0,0,0,1,0,0,1,1,1,0,0,0,0,0,1,0,1,0,0,0,0
4494138,0,0,0,0,1,0,0,1,1,1,0,0,0,0,0,1,0,1,0,0,0,0
4716161,0,0,0,0,1,0,0,1,1,1,0,0,0,0,0,1,0,1,0,0,0,0
4937048,0,0,0,0,1,0,0,1,1,1,0,0,0,0,0,1,0,1,0,0,0,0
5158187,0,0,0,0,1,0,0,1,1,1,0,0,0,0,0,1,0,1,0,0,0,0
5381135,0,0,0,0,1,0,0,1,1,1,0,0,0,0,0,1,0,1,0,0,0,0
5601051,0,0,0,0,1,0,0,1,1,1,0,0,0,0,0,1,0,1,0,0,0,0
5824054,0,0,0,0,1,0,0,1,1,1,0,0,0,0,0,1,0,1,0,0,0,0
6044051,0,0,0,0,1,0,0,1,1,1,0,0,0,0,0,1,0,1,0,0,0,0
6267204,0,0,0,0,1,0,0,1,1,1,0,0,0,0,0,1,0,1,0,0,0,0
6495231,0,0,0,0,1,0,0,1,1,1,0,0,0,0,0,1,0,1,0,0,0,0
6715092,0,0,0,0,1,0,0,1,1,1,0,0,0,0,0,1,0,1,0,0,0,0
6935208,0,0,0,0,1,0,0,1,1,1,0,0,0,0,0,1,0,1,0,0,0,0
7164802,0,0,0,0,1,0,0,1,1,1,0,0,0,0,0,1,0,1,0,0,0,0
7384093,0,0,0,0,1,0,0,1,1,1,0,0,0,0,0,1,0,1,0,0,0,0
7605171,0,0,0,0,1,0,0,1,1,1,0,0,0,0,0,1,0,1,0,0,0,0
7825273,0,0,0,0,1,0,0,1,1,1,0,0,0,0,0,1,0,1,0,0,0,0
8045211,0,0,0,0,1,0,0,1,1,1,0,0,0,0,0,1,0,1,0,0,0,0
8267051,0,0,0,0,1,0,0,1,1,1,0,0,0,0,0,1,0,1,0,0,0,0
8488235,0,0,0,0,1,0,0,1,1,1,0,0,0,0,0,1,0,1,0,0,0,0
8710190,0,0,0,0,1,0,0,1,1,1,0,0,0,0,0,1,0,1,0,0,0,0
8934047,0,0,0,0,1,0,0,1,1,1,0,0,0,0,0,1,0,1,0,0,0,0
9088063,0,0,0,0,1,0,0,1,1,1,0,0,0,0,0,1,0,1,0,0,0,0
9156055,0,0,0,0,1,0,0,1,1,1,0,0,0,0,0,1,0,1,0,0,0,0
9396195,0,0,0,0,1,0,0,1,1,1,0,0,0,0,0,1,0,1,0,0,0,0
9635844,0,0,0,0,1,0,0,1,1,1,0,0,0,0,0,1,0,1,0,0,0,0
9863062,0,0,0,0,1,0,0,1,1,1,0,0,0,0,0,1,0,1,0,0,0,0
10084163,0,0,0,0,1,0,0,1,1,1,0,0,0,0,0,1,0,1,0,0,0,0
10322654,0,0,0,0,1,0,0,1,1,1,0,0,0,0,0,1,0,1,0,0,0,0
10557305,0,0,0,0,1,0,0,1,1,1,0,0,0,0,0,1,0,1,0,0,0,0
10780061,0,0,0,0,1,0,0,1,1,1,0,0,0,0,0,1,0,1,0,0,0,0
11007644,0,0,0,0,1,0,0,1,1,1,0,0,0,0,0,1,0,1,0,0,0,0
11240493,0,0,0,0,1,0,0,1,1,1,0,0,0,0,0,1,0,1,0,0,0,0
11480084,0,0,0,0,1,0,0,1,1,1,0,0,0,0,0,1,0,1,0,0,0,0
11703263,0,0,0,0,1,0,0,1,1,1,0,0,0,0,0,1,0,1,0,0,0,0
11939437,0,0,0,0,1,0,0,1,1,1,0,0,0,0,0,1,0,1,0,0,0,0
12178818,0,0,0,0,1,0,0,1,1,1,0,0,0,0,0,1,0,1,0,0,0,0
12408046,0,0,0,0,1,0,0,1,1,1,0,0,0,0,0,1,0,1,0,0,0,0
12640115,0,0,0,0,1,0,0,1,1,1,0,0,0,0,0,1,0,1,0,0,0,0
12866386,0,0,0,0,1,0,0,1,1,1,0,0,0,0,0,1,0,1,0,0,0,0
13087279,0,0,0,0,1,0,0,1,1,1,0,0,0,0,0,1,0,1,0,0,0,0
13326406,0,0,0,0,1,0,0,1,1,1,0,0,0,0,0,1,0,1,0,0,0,0
13566576,0,0,0,0,1,0,0,1,1,1,0,0,0,0,0,1,0,1,0,0,0,0
13806952,0,0,0,0,1,0,0,1,1,1,0,0,0,0,0,1,0,1,0,0,0,0
14036263,0,0,0,0,1,0,0,1,1,1,0,0,0,0,0,1,0,1,0,0,0,0
14276497,0,0,0,0,1,0,0,1,1,1,0,0,0,0,0,1,0,1,0,0,0,0
14505066,0,0,0,0,1,0,0,1,1,1,0,0,0,0,0,1,0,1,0,0,0,0
14736106,0,0,0,0,1,0,0,1,1,1,0,0,0,0,0,1,0,1,0,0,0,0
14975685,0,0,0,0,1,0,0,1,1,1,0,0,0,0,0,1,0,1,0,0,0,0
15213065,0,0,0,0,1,0,0,1,1,1,0,0,0,0,0,1,0,1,0,0,0,0
15439193,0,0,0,0,1,0,0,1,1,1,0,0,0,0,0,1,0,1,0,0,0,0
15661852,0,0,0,0,1,0,0,1,1,1,0,0,0,0,0,1,0,1,0,0,0,0
15881200,0,0,0,0,1,0,0,1,1,1,0,0,0,0,0,1,0,1,0,0,0,0
16107561,0,0,0,0,1,0,0,1,1,1,0,0,0,0,0,1,0,1,0,0,0,0
16184608,0,0,0,0,1,0,0,1,1,1,0,0,0,0,0,1,0,0,0,0,0,0
16339590,0,0,0,0,1,0,0,1,1,1,0,0,0,0,0,1,0,0,0,0,0,0
16563153,0,0,0,0,1,0,0,1,1,1,0,0,0,0,0,1,0,0,0,0,0,0
16860205,0,0,0,0,1,0,0,1,1,1,0,0,0,0,0,1,0,0,0,0,0,0
17097848,0,0,0,0,1,0,0,1,1,1,0,0,0,0,0,1,0,0,0,0,0,0
17318150,0,0,0,0,1,0,0,1,1,1,0,0,0,0,0,1,0,0,0,0,0,0
17544037,0,0,0,0,1,0,0,1,1,1,0,0,0,0,0,1,0,0,0,0,0,0
17784034,0,0,0,0,1,0,0,1,1,1,0,0,0,0,0,1,0,0,0,0,0,0
18023869,0,0,0,0,1,0,0,1,1,1,0,0,0,0,0,1,0,0,0,0,0,0
18262298,0,0,0,0,1,0,0,1,1,1,0,0,0,0,0,1,0,0,0,0,0,0
18483272,0,0,0,0,1,0,0,1,1,1,0,0,0,0,0,1,0,0,0,0,0,0
18711063,0,0,0,0,1,0,0,1,1,1,0,0,0,0,0,1,0,0,0,0,0,0
18950892,0,0,0,0,1,0,0,1,1,1,0,0,0,0,0,1,0,0,0,0,0,0
19180228,0,0,0,0,1,0,0,1,1,1,0,0,0,0,0,1,0,0,0,0,0,0
19409138,0,0,0,0,1,0,0,1,1,1,0,0,0,0,0,1,0,0,0,0,0,0
19639647,0,0,0,0,1,0,0,1,1,1,0,0,0,0,0,1,0,0,0,0,0,0
19870403,0,0,0,0,1,0,0,1,1,1,0,0,0,0,0,1,0,0,0,0,0,0
20091079,0,0,0,0,1,0,0,1,1,1,0,0,0,0,0,1,0,0,0,0,0,0
20314735,0,0,0,0,1,0,0,1,1,1,0,0,0,0,0,1,0,0,0,0,0,0
20553069,0,0,0,0,1,0,0,1,1,1,0,0,0,0,0,1,0,0,0,0,0,0
20784842,0,0,0,0,1,0,0,1,1,1,0,0,0,0,0,1,0,0,0,0,0,0
21020592,0,0,0,0,1,0,0,1,1,1,0,0,0,0,0,1,0,0,0,0,0,0
21243132,0,0,0,0,1,0,0,1,1,1,0,0,0,0,0,1,0,0,0,0,0,0
21475149,0,0,0,0,1,0,0,1,1,1,0,0,0,0,0,1,0,0,0,0,0,0
21704151,0,0,0,0,1,0,0,1,1,1,0,0,0,0,0,1,0,0,0,0,0,0
21931183,0,0,0,0,1,0,0,1,1,1,0,0,0,0,0,1,0,0,0,0,0,0
22164128,0,0,0,0,1,0,0,1,1,1,0,0,0,0,0,1,0,0,0,0,0,0
22387419,0,0,0,0,1,0,0,1,1,1,0,0,0,0,0,1,0,0,0,0,0,0
22614067,0,0,0,0,1,0,0,1,1,1,0,0,0,0,0,1,0,0,0,0,0,0
22840464,0,0,0,0,1,0,0,1,1,1,0,0,0,0,0,1,0,0,0,0,0,0
23080580,0,0,0,0,1,0,0,1,1,1,0,0,0,0,0,1,0,0,0,0,0,0
23311087,0,0,0,0,1,0,0,1,1,1,0,0,0,0,0,1,0,0,0,0,0,0
23551044,0,0,0,0,1,0,0,1,1,1,0,0,0,0,0,1,0,0,0,0,0,0
23785272,0,0,0,0,1,0,0,1,1,1,0,0,0,0,0,1,0,0,0,0,0,0
24008210,0,0,0,0,1,0,0,1,1,1,0,0,0,0,0,1,0,0,0,0,0,0
24228066,0,0,0,0,1,0,0,1,1,1,0,0,0,0,0,1,0,0,0,0,0,0
24467834,0,0,0,0,1,0,0,1,1,1,0,0,0,0,0,1,0,0,0,0,0,0
24700199,0,0,0,0,1,0,0,1,1,1,0,0,0,0,0,1,0,0,0,0,0,0
24926914,0,0,0,0,1,0,0,1,1,1,0,0,0,0,0,1,0,0,0,0,0,0
25166598,0,0,0,0,1,0,0,1,1,1,0,0,0,0,0,1,0,0,0,0,0,0
25406517,0,0,0,0,1,0,0,1,1,1,0,0,0,0,0,1,0,0,0,0,0,0
25642167,0,0,0,0,1,0,0,1,1,1,0,0,0,0,0,1,0,0,0,0,0,0
25869066,0,0,0,0,1,0,0,1,1,1,0,0,0,0,0,1,0,0,0,0,0,0
26104694,0,0,0,0,1,0,0,1,1,1,0,0,0,0,0,1,0,0,0,0,0,0
26332691,0,0,0,0,1,0,0,1,1,1,0,0,0,0,0,1,0,0,0,0,0,0
26555098,0,0,0,0,1,0,0,1,1,1,0,0,0,0,0,1,0,0,0,0,0,0
26791799,0,0,0,0,1,0,0,1,1,1,0,0,0,0,0,1,0,0,0,0,0,0
27020965,0,0,0,0,1,0,0,1,1,1,0,0,0,0,0,1,0,0,0,0,0,0
27252196,0,0,0,0,1,0,0,1,1,1,0,0,0,0,0,1,0,0,0,0,0,0
27476286,0,0,0,0,1,0,0,1,1,1,0,0,0,0,0,1,0,0,0,0,0,0
27700102,0,0,0,0,1,0,0,1,1,1,0,0,0,0,0,1,0,0,0,0,0,0
27939799,0,0,0,0,1,0,0,1,1,1,0,0,0,0,0,1,0,0,0,0,0,0
28172056,0,0,0,0,1,0,0,1,1,1,0,0,0,0,0,1,0,0,0,0,0,0
28412370,0,0,0,0,1,0,0,1,1,1,0,0,0,0,0,1,0,0,0,0,0,0
28645072,0,0,0,0,1,0,0,1,1,1,0,0,0,0,0,1,0,0,0,0,0,0
28872104,0,0,0,0,1,0,0,1,1,1,0,0,0,0,0,1,0,0,0,0,0,0
29100703,0,0,0,0,1,0,0,1,1,1,0,0,0,0,0,1,0,0,0,0,0,0
29326639,0,0,0,0,1,0,0,1,1,1,0,0,0,0,0,1,0,0,0,0,0,0
29559840,0,0,0,0,1,0,0,1,1,1,0,0,0,0,0,1,0,0,0,0,0,0
29789143,0,0,0,0,1,0,0,1,1,1,0,0,0,0,0,1,0,0,0,0,0,0
30028670,0,0,0,0,1,0,0,1,1,1,0,0,0,0,0,1,0,0,0,0,0,0
30251152,0,0,0,0,1,0,0,1,1,1,0,0,0,0,0,1,0,0,0,0,0,0
30485061,0,0,0,0,1,0,0,1,1,1,0,0,0,0,0,1,0,0,0,0,0,0
30716430,0,0,0,0,1,0,0,1,1,1,0,0,0,0,0,1,0,0,0,0,0,0
30948462,0,0,0,0,1,0,0,1,1,1,0,0,0,0,0,1,0,0,0,0,0,0
31175425,0,0,0,0,1,0,0,1,1,1,0,0,0,0,0,1,0,0,0,0,0,0
31405045,0,0,0,0,1,0,0,1,1,1,0,0,0,0,0,1,0,0,0,0,0,0
31629490,0,0,0,0,1,0,0,1,1,1,0,0,0,0,0,1,0,0,0,0,0,0
31850363,0,0,0,0,1,0,0,1,1,1,0,0,0,0,0,1,0,0,0,0,0,0
32078196,0,0,0,0,1,0,0,1,1,1,0,0,0,0,0,1,0,0,0,0,0,0
32308814,0,0,0,0,1,0,0,1,1,1,0,0,0,0,0,1,0,0,0,0,0,0
32542191,0,0,0,0,1,0,0,1,1,1,0,0,0,0,0,1,0,0,0,0,0,0
32770410,0,0,0,0,1,0,0,1,1,1,0,0,0,0,0,1,0,0,0,0,0,0
32993066,0,0,0,0,1,0,0,1,1,1,0,0,0,0,0,1,0,0,0,0,0,0
33235274,0,0,0,0,1,0,0,1,1,1,0,0,0,0,0,1,0,0,0,0,0,0
33474836,0,0,0,0,1,0,0,1,1,1,0,0,0,0,0,1,0,0,0,0,0,0
33715323,0,0,0,0,1,0,0,1,1,1,0,0,0,0,0,1,0,0,0,0,0,0
33946159,0,0,0,0,1,0,0,1,1,1,0,0,0,0,0,1,0,0,0,0,0,0
34172787,0,0,0,0,1,0,0,1,1,1,0,0,0,0,0,1,0,0,0,0,0,0
34409211,0,0,0,0,1,0,0,1,1,1,0,0,0,0,0,1,0,0,0,0,0,0
34631714,0,0,0,0,1,0,0,1,1,1,0,0,0,0,0,1,0,0,0,0,0,0
34860017,0,0,0,0,1,0,0,1,1,1,0,0,0,0,0,1,0,0,0,0,0,0
35091526,0,0,0,0,1,0,0,1,1,1,0,0,0,0,0,1,0,0,0,0,0,0
35317546,0,0,0,0,1,0,0,1,1,1,0,0,0,0,0,1,0,0,0,0,0,0
35550300,0,0,0,0,1,0,0,1,1,1,0,0,0,0,0,1,0,0,0,0,0,0
35780815,0,0,0,0,1,0,0,1,1,1,0,0,0,0,0,1,0,0,0,0,0,0
36020446,0,0,0,0,1,0,0,1,1,1,0,0,0,0,0,1,0,0,0,0,0,0
36254118,0,0,0,0,1,0,0,1,1,1,0,0,0,0,0,1,0,0,0,0,0,0
36492559,0,0,0,0,1,0,0,1,1,1,0,0,0,0,0,1,0,0,0,0,0,0
36731267,0,0,0,0,1,0,0,1,1,1,0,0,0,0,0,1,0,0,0,0,0,0
36961690,0,0,0,0,1,0,0,1,1,1,0,0,0,0,0,1,0,0,0,0,0,0
37182176,0,0,0,0,1,0,0,1,1,1,0,0,0,0,0,1,0,0,0,0,0,0
37408218,0,0,0,0,1,0,0,1,1,1,0,0,0,0,0,1,0,0,0,0,0,0
37637159,0,0,0,0,1,0,0,1,1,1,0,0,0,0,0,1,0,0,0,0,0,0
37865240,0,0,0,0,1,0,0,1,1,1,0,0,0,0,0,1,0,0,0,0,0,0
38095182,0,0,0,0,1,0,0,1,1,1,0,0,0,0,0,1,0,0,0,0,0,0
38335210,0,0,0,0,1,0,0,1,1,1,0,0,0,0,0,1,0,0,0,0,0,0
38565187,0,0,0,0,1,0,0,1,1,1,0,0,0,0,0,1,0,0,0,0,0,0
38793466,0,0,0,0,1,0,0,1,1,1,0,0,0,0,0,1,0,0,0,0,0,0
39014066,0,0,0,0,1,0,0,1,1,1,0,0,0,0,0,1,0,0,0,0,0,0
39239607,0,0,0,0,1,0,0,1,1,1,0,0,0,0,0,1,0,0,0,0,0,0
39480261,0,0,0,0,1,0,0,1,1,1,0,0,0,0,0,1,0,0,0,0,0,0
39708189,0,0,0,0,1,0,0,1,1,1,0,0,0,0,0,1,0,0,0,0,0,0
39938752,0,0,0,0,1,0,0,1,1,1,0,0,0,0,0,1,0,0,0,0,0,0
40160204,0,0,0,0,1,0,0,1,1,1,0,0,0,0,0,1,0,0,0,0,0,0
40384437,0,0,0,0,1,0,0,1,1,1,0,0,0,0,0,1,0,0,0,0,0,0
40624423,0,0,0,0,1,0,0,1,1,1,0,0,0,0,0,1,0,0,0,0,0,0
40857218,0,0,0,0,1,0,0,1,1,1,0,0,0,0,0,1,0,0,0,0,0,0
41081387,0,0,0,0,1,0,0,1,1,1,0,0,0,0,0,1,0,0,0,0,0,0
41312741,0,0,0,0,1,0,0,1,1,1,0,0,0,0,0,1,0,0,0,0,0,0
41542053,0,0,0,0,1,0,0,1,1,1,0,0,0,0,0,1,0,0,0,0,0,0
41763203,0,0,0,0,1,0,0,1,1,1,0,0,0,0,0,1,0,0,0,0,0,0
41987266,0,0,0,0,1,0,0,1,1,1,0,0,0,0,0,1,0,0,0,0,0,0
42216780,0,0,0,0,1,0,0,1,1,1,0,0,0,0,0,1,0,0,0,0,0,0
42441231,0,0,0,0,1,0,0,1,1,1,0,0,0,0,0,1,0,0,0,0,0,0
42670249,0,0,0,0,1,0,0,1,1,1,0,0,0,0,0,1,0,0,0,0,0,0
42899195,0,0,0,0,1,0,0,1,1,1,0,0,0,0,0,1,0,0,0,0,0,0
43121644,0,0,0,0,1,0,0,1,1,1,0,0,0,0,0,1,0,0,0,0,0,0
43341249,0,0,0,0,1,0,0,1,1,1,0,0,0,0,0,1,0,0,0,0,0,0
43567141,0,0,0,0,1,0,0,1,1,1,0,0,0,0,0,1,0,0,0,0,0,0
43796250,0,0,0,0,1,0,0,1,1,1,0,0,0,0,0,1,0,0,0,0,0,0
44030104,0,0,0,0,1,0,0,1,1,1,0,0,0,0,0,1,0,0,0,0,0,0
44252594,0,0,0,0,1,0,0,1,1,1,0,0,0,0,0,1,0,0,0,0,0,0
44483071,0,0,0,0,1,0,0,1,1,1,0,0,0,0,0,1,0,0,0,0,0,0
44721100,0,0,0,0,1,0,0,1,1,1,0,0,0,0,0,1,0,0,0,0,0,0
44951811,0,0,0,0,1,0,0,1,1,1,0,0,0,0,0,1,0,0,0,0,0,0
45181841,0,0,0,0,1,0,0,1,1,1,0,0,0,0,0,1,0,0,0,0,0,0
45406166,0,0,0,0,1,0,0,1,1,1,0,0,0,0,0,1,0,0,0,0,0,0
45627263,0,0,0,0,1,0,0,1,1,1,0,0,0,0,0,1,0,0,0,0,0,0
45867900,0,0,0,0,1,0,0,1,1,1,0,0,0,0,0,1,0,0,0,0,0,0
46108651,0,0,0,0,1,0,0,1,1,1,0,0,0,0,0,1,0,0,0,0,0,0
46333284,0,0,0,0,1,0,0,1,1,1,0,0,0,0,0,1,0,0,0,0,0,0
46568373,0,0,0,0,1,0,0,1,1,1,0,0,0,0,0,1,0,0,0,0,0,0
46796878,0,0,0,0,1,0,0,1,1,1,0,0,0,0,0,1,0,0,0,0,0,0
47017325,0,0,0,0,1,0,0,1,1,1,0,0,0,0,0,1,0,0,0,0,0,0
47240063,0,0,0,0,1,0,0,1,1,1,0,0,0,0,0,1,0,0,0,0,0,0
47471717,0,0,0,0,1,0,0,1,1,1,0,0,0,0,0,1,0,0,0,0,0,0
47713156,0,0,0,0,1,0,0,1,1,1,0,0,0,0,0,1,0,0,0,0,0,0
47943650,0,0,0,0,1,0,0,1,1,1,0,0,0,0,0,1,0,0,0,0,0,0
48174119,0,0,0,0,1,0,0,1,1,1,0,0,0,0,0,1,0,0,0,0,0,0
48413560,0,0,0,0,1,0,0,1,1,1,0,0,0,0,0,1,0,0,0,0,0,0
48633167,0,0,0,0,1,0,0,1,1,1,0,0,0,0,0,1,0,0,0,0,0,0
48854628,0,0,0,0,1,0,0,1,1,1,0,0,0,0,0,1,0,0,0,0,0,0
49074194,0,0,0,0,1,0,0,1,1,1,0,0,0,0,0,1,0,0,0,0,0,0
49306348,0,0,0,0,1,0,0,1,1,1,0,0,0,0,0,1,0,0,0,0,0,0
49546606,0,0,0,0,1,0,0,1,1,1,0,0,0,0,0,1,0,0,0,0,0,0
49785066,0,0,0,0,1,0,0,1,1,1,0,0,0,0,0,1,0,0,0,0,0,0
50007236,0,0,0,0,1,0,0,1,1,1,0,0,0,0,0,1,0,0,0,0,0,0
50236173,0,0,0,0,1,0,0,1,1,1,0,0,0,0,0,1,0,0,0,0,0,0
50465707,0,0,0,0,1,0,0,1,1,1,0,0,0,0,0,1,0,0,0,0,0,0
50688066,0,0,0,0,1,0,0,1,1,1,0,0,0,0,0,1,0,0,0,0,0,0
50920232,0,0,0,0,1,0,0,1,1,1,0,0,0,0,0,1,0,0,0,0,0,0
51152084,0,0,0,0,1,0,0,1,1,1,0,0,0,0,0,1,0,0,0,0,0,0
51382252,0,0,0,0,1,0,0,1,1,1,0,0,0,0,0,1,0,0,0,0,0,0
51609547,0,0,0,0,1,0,0,1,1,1,0,0,0,0,0,1,0,0,0,0,0,0
51840844,0,0,0,0,1,0,0,1,1,1,0,0,0,0,0,1,0,0,0,0,0,0
52063146,0,0,0,0,1,0,0,1,1,1,0,0,0,0,0,1,0,0,0,0,0,0
52297066,0,0,0,0,1,0,0,1,1,1,0,0,0,0,0,1,0,0,0,0,0,0
52539947,0,0,0,0,1,0,0,1,1,1,0,0,0,0,0,1,0,0,0,0,0,0
52779971,0,0,0,0,1,0,0,1,1,1,0,0,0,0,0,1,0,0,0,0,0,0
53013625,0,0,0,0,1,0,0,1,1,1,0,0,0,0,0,1,0,0,0,0,0,0
53240136,0,0,0,0,1,0,0,1,1,1,0,0,0,0,0,1,0,0,0,0,0,0
53475105,0,0,0,0,1,0,0,1,1,1,0,0,0,0,0,1,0,0,0,0,0,0
53697066,0,0,0,0,1,0,0,1,1,1,0,0,0,0,0,1,0,0,0,0,0,0
53939363,0,0,0,0,1,0,0,1,1,1,0,0,0,0,0,1,0,0,0,0,0,0
54177342,0,0,0,0,1,0,0,1,1,1,0,0,0,0,0,1,0,0,0,0,0,0
54401200,0,0,0,0,1,0,0,1,1,1,0,0,0,0,0,1,0,0,0,0,0,0
54625591,0,0,0,0,1,0,0,1,1,1,0,0,0,0,0,1,0,0,0,0,0,0
54848184,0,0,0,0,1,0,0,1,1,1,0,0,0,0,0,1,0,0,0,0,0,0
55077182,0,0,0,0,1,0,0,1,1,1,0,0,0,0,0,1,0,0,0,0,0,0
55304127,0,0,0,0,1,0,0,1,1,1,0,0,0,0,0,1,0,0,0,0,0,0
55532636,0,0,0,0,1,0,0,1,1,1,0,0,0,0,0,1,0,0,0,0,0,0
55771114,0,0,0,0,1,0,0,1,1,1,0,0,0,0,0,1,0,0,0,0,0,0
55992944,0,0,0,0,1,0,0,1,1,1,0,0,0,0,0,1,0,0,0,0,0,0
56221352,0,0,0,0,1,0,0,1,1,1,0,0,0,0,0,1,0,0,0,0,0,0
56451063,0,0,0,0,1,0,0,1,1,1,0,0,0,0,0,1,0,0,0,0,0,0
56676717,0,0,0,0,1,0,0,1,1,1,0,0,0,0,0,1,0,0,0,0,0,0
56907979,0,0,0,0,1,0,0,1,1,1,0,0,0,0,0,1,0,0,0,0,0,0
57139537,0,0,0,0,1,0,0,1,1,1,0,0,0,0,0,1,0,0,0,0,0,0
57375163,0,0,0,0,1,0,0,1,1,1,0,0,0,0,0,1,0,0,0,0,0,0
57595198,0,0,0,0,1,0,0,1,1,1,0,0,0,0,0,1,0,0,0,0,0,0
57822893,0,0,0,0,1,0,0,1,1,1,0,0,0,0,0,1,0,0,0,0,0,0
58052111,0,0,0,0,1,0,0,1,1,1,0,0,0,0,0,1,0,0,0,0,0,0
58275568,0,0,0,0,1,0,0,1,1,1,0,0,0,0,0,1,0,0,0,0,0,0
58515862,0,0,0,0,1,0,0,1,1,1,0,0,0,0,0,1,0,0,0,0,0,0
58755367,0,0,0,0,1,0,0,1,1,1,0,0,0,0,0,1,0,0,0,0,0,0
58995849,0,0,0,0,1,0,0,1,1,1,0,0,0,0,0,1,0,0,0,0,0,0
59235693,0,0,0,0,1,0,0,1,1,1,0,0,0,0,0,1,0,0,0,0,0,0
59459123,0,0,0,0,1,0,0,1,1,1,0,0,0,0,0,1,0,0,0,0,0,0
59683065,0,0,0,0,1,0,0,1,1,1,0,0,0,0,0,1,0,0,0,0,0,0
59903068,0,0,0,0,1,0,0,1,1,1,0,0,0,0,0,1,0,0,0,0,0,0
60138250,0,0,0,0,1,0,0,1,1,1,0,0,0,0,0,1,0,0,0,0,0,0
60371429,0,0,0,0,1,0,0,1,1,1,0,0,0,0,0,1,0,0,0,0,0,0
60606185,0,0,0,0,1,0,0,1,1,1,0,0,0,0,0,1,0,0,0,0,0,0
60835061,0,0,0,0,1,0,0,1,1,1,0,0,0,0,0,1,0,0,0,0,0,0
61059066,0,0,0,0,1,0,0,1,1,1,0,0,0,0,0,1,0,0,0,0,0,0
61288539,0,0,0,0,1,0,0,1,1,1,0,0,0,0,0,1,0,0,0,0,0,0
61518185,0,0,0,0,1,0,0,1,1,1,0,0,0,0,0,1,0,0,0,0,0,0
61747066,0,0,0,0,1,0,0,1,1,1,0,0,0,0,0,1,0,0,0,0,0,0
61988198,0,0,0,0,1,0,0,1,1,1,0,0,0,0,0,1,0,0,0,0,0,0
62219238,0,0,0,0,1,0,0,1,1,1,0,0,0,0,0,1,0,0,0,0,0,0
62453226,0,0,0,0,1,0,0,1,1,1,0,0,0,0,0,1,0,0,0,0,0,0
62674217,0,0,0,0,1,0,0,1,1,1,0,0,0,0,0,1,0,0,0,0,0,0
62898071,0,0,0,0,1,0,0,1,1,1,0,0,0,0,0,1,0,0,0,0,0,0
63124147,0,0,0,0,1,0,0,1,1,1,0,0,0,0,0,1,0,0,0,0,0,0
63363805,0,0,0,0,1,0,0,1,1,1,0,0,0,0,0,1,0,0,0,0,0,0
63603930,0,0,0,0,1,0,0,1,1,1,0,0,0,0,0,1,0,0,0,0,0,0
63834830,0,0,0,0,1,0,0,1,1,1,0,0,0,0,0,1,0,0,0,0,0,0
64055162,0,0,0,0,1,0,0,1,1,1,0,0,0,0,0,1,0,0,0,0,0,0
64276061,0,0,0,0,1,0,0,1,1,1,0,0,0,0,0,1,0,0,0,0,0,0
64498780,0,0,0,0,1,0,0,1,1,1,0,0,0,0,0,1,0,0,0,0,0,0
64736495,0,0,0,0,1,0,0,1,1,1,0,0,0,0,0,1,0,0,0,0,0,0
64976892,0,0,0,0,1,0,0,1,1,1,0,0,0,0,0,1,0,0,0,0,0,0
65213273,0,0,0,0,1,0,0,1,1,1,0,0,0,0,0,1,0,0,0,0,0,0
65438065,0,0,0,0,1,0,0,1,1,1,0,0,0,0,0,1,0,0,0,0,0,0
65664263,0,0,0,0,1,0,0,1,1,1,0,0,0,0,0,1,0,0,0,0,0,0
65904829,0,0,0,0,1,0,0,1,1,1,0,0,0,0,0,1,0,0,0,0,0,0
66135624,0,0,0,0,1,0,0,1,1,1,0,0,0,0,0,1,0,0,0,0,0,0
66362113,0,0,0,0,1,0,0,1,1,1,0,0,0,0,0,1,0,0,0,0,0,0
66583281,0,0,0,0,1,0,0,1,1,1,0,0,0,0,0,1,0,0,0,0,0,0
66806162,0,0,0,0,1,0,0,1,1,1,0,0,0,0,0,1,0,0,0,0,0,0
67026778,0,0,0,0,1,0,0,1,1,1,0,0,0,0,0,1,0,0,0,0,0,0
67265065,0,0,0,0,1,0,0,1,1,1,0,0,0,0,0,1,0,0,0,0,0,0
67494258,0,0,0,0,1,0,0,1,1,1,0,0,0,0,0,1,0,0,0,0,0,0
67715701,0,0,0,0,1,0,0,1,1,1,0,0,0,0,0,1,0,0,0,0,0,0
67950063,0,0,0,0,1,0,0,1,1,1,0,0,0,0,0,1,0,0,0,0,0,0
68177065,0,0,0,0,1,0,0,1,1,1,0,0,0,0,0,1,0,0,0,0,0,0
68408131,0,0,0,0,1,0,0,1,1,1,0,0,0,0,0,1,0,0,0,0,0,0
68634531,0,0,0,0,1,0,0,1,1,1,0,0,0,0,0,1,0,0,0,0,0,0
68861183,0,0,0,0,1,0,0,1,1,1,0,0,0,0,0,1,0,0,0,0,0,0
69093173,0,0,0,0,1,0,0,1,1,1,0,0,0,0,0,1,0,0,0,0,0,0
69324264,0,0,0,0,1,0,0,1,1,1,0,0,0,0,0,1,0,0,0,0,0,0
69564845,0,0,0,0,1,0,0,1,1,1,0,0,0,0,0,1,0,0,0,0,0,0
69790156,0,0,0,0,1,0,0,1,1,1,0,0,0,0,0,1,0,0,0,0,0,0
70018929,0,0,0,0,1,0,0,1,1,1,0,0,0,0,0,1,0,0,0,0,0,0
70240208,0,0,0,0,1,0,0,1,1,1,0,0,0,0,0,1,0,0,0,0,0,0
70460101,0,0,0,0,1,0,0,1,1,1,0,0,0,0,0,1,0,0,0,0,0,0
70681711,0,0,0,0,1,0,0,1,1,1,0,0,0,0,0,1,0,0,0,0,0,0
70904065,0,0,0,0,1,0,0,1,1,1,0,0,0,0,0,1,0,0,0,0,0,0
71135210,0,0,0,0,1,0,0,1,1,1,0,0,0,0,0,1,0,0,0,0,0,0
71363822,0,0,0,0,1,0,0,1,1,1,0,0,0,0,0,1,0,0,0,0,0,0
71604203,0,0,0,0,1,0,0,1,1,1,0,0,0,0,0,1,0,0,0,0,0,0
71832144,0,0,0,0,1,0,0,1,1,1,0,0,0,0,0,1,0,0,0,0,0,0
72055077,0,0,0,0,1,0,0,1,1,1,0,0,0,0,0,1,0,0,0,0,0,0
72288390,0,0,0,0,1,0,0,1,1,1,0,0,0,0,0,1,0,0,0,0,0,0
72524317,0,0,0,0,1,0,0,1,1,1,0,0,0,0,0,1,0,0,0,0,0,0
72755263,0,0,0,0,1,0,0,1,1,1,0,0,0,0,0,1,0,0,0,0,0,0
72995295,0,0,0,0,1,0,0,1,1,1,0,0,0,0,0,1,0,0,0,0,0,0
73220648,0,0,0,0,1,0,0,1,1,1,0,0,0,0,0,1,0,0,0,0,0,0
73443154,0,0,0,0,1,0,0,1,1,1,0,0,0,0,0,1,0,0,0,0,0,0
73663068,0,0,0,0,1,0,0,1,1,1,0,0,0,0,0,1,0,0,0,0,0,0
73884146,0,0,0,0,1,0,0,1,1,1,0,0,0,0,0,1,0,0,0,0,0,0
74124129,0,0,0,0,1,0,0,1,1,1,0,0,0,0,0,1,0,0,0,0,0,0
74365281,0,0,0,0,1,0,0,1,1,1,0,0,0,0,0,1,0,0,0,0,0,0
74593616,0,0,0,0,1,0,0,1,1,1,0,0,0,0,0,1,0,0,0,0,0,0
74827176,0,0,0,0,1,0,0,1,1,1,0,0,0,0,0,1,0,0,0,0,0,0
75048145,0,0,0,0,1,0,0,1,1,1,0,0,0,0,0,1,0,0,0,0,0,0
75273070,0,0,0,0,1,0,0,1,1,1,0,0,0,0,0,1,0,0,0,0,0,0
75494398,0,0,0,0,1,0,0,1,1,1,0,0,0,0,0,1,0,0,0,0,0,0
75731147,0,0,0,0,1,0,0,1,1,1,0,0,0,0,0,1,0,0,0,0,0,0
75972788,0,0,0,0,1,0,0,1,1,1,0,0,0,0,0,1,0,0,0,0,0,0
76199210,0,0,0,0,1,0,0,1,1,1,0,0,0,0,0,1,0,0,0,0,0,0
76437066,0,0,0,0,1,0,0,1,1,1,0,0,0,0,0,1,0,0,0,0,0,0
76669005,0,0,0,0,1,0,0,1,1,1,0,0,0,0,0,1,0,0,0,0,0,0
76908370,0,0,0,0,1,0,0,1,1,1,0,0,0,0,0,1,0,0,0,0,0,0
77129067,0,0,0,0,1,0,0,1,1,1,0,0,0,0,0,1,0,0,0,0,0,0
77364175,0,0,0,0,1,0,0,1,1,1,0,0,0,0,0,1,0,0,0,0,0,0
77595883,0,0,0,0,1,0,0,1,1,1,0,0,0,0,0,1,0,0,0,0,0,0
77833533,0,0,0,0,1,0,0,1,1,1,0,0,0,0,0,1,0,0,0,0,0,0
78058459,0,0,0,0,1,0,0,1,1,1,0,0,0,0,0,1,0,0,0,0,0,0
78289135,0,0,0,0,1,0,0,1,1,1,0,0,0,0,0,1,0,0,0,0,0,0
78510773,0,0,0,0,1,0,0,1,1,1,0,0,0,0,0,1,0,0,0,0,0,0
78733372,0,0,0,0,1,0,0,1,1,1,0,0,0,0,0,1,0,0,0,0,0,0
78960484,0,0,0,0,1,0,0,1,1,1,0,0,0,0,0,1,0,0,0,0,0,0
79190746,0,0,0,0,1,0,0,1,1,1,0,0,0,0,0,1,0,0,0,0,0,0
79416366,0,0,0,0,1,0,0,1,1,1,0,0,0,0,0,1,0,0,0,0,0,0
79639153,0,0,0,0,1,0,0,1,1,1,0,0,0,0,0,1,0,0,0,0,0,0
79861221,0,0,0,0,1,0,0,1,1,1,0,0,0,0,0,1,0,0,0,0,0,0
80088140,0,0,0,0,1,0,0,1,1,1,0,0,0,0,0,1,0,0,0,0,0,0
80314164,0,0,0,0,1,0,0,1,1,1,0,0,0,0,0,1,0,0,0,0,0,0
80535631,0,0,0,0,1,0,0,1,1,1,0,0,0,0,0,1,0,0,0,0,0,0
80763337,0,0,0,0,1,0,0,1,1,1,0,0,0,0,0,1,0,0,0,0,0,0
80996492,0,0,0,0,1,0,0,1,1,1,0,0,0,0,0,1,0,0,0,0,0,0
81217371,0,0,0,0,1,0,0,1,1,1,0,0,0,0,0,1,0,0,0,0,0,0
81444151,0,0,0,0,1,0,0,1,1,1,0,0,0,0,0,1,0,0,0,0,0,0
81671306,0,0,0,0,1,0,0,1,1,1,0,0,0,0,0,1,0,0,0,0,0,0
81904108,0,0,0,0,1,0,0,1,1,1,0,0,0,0,0,1,0,0,0,0,0,0
82125440,0,0,0,0,1,0,0,1,1,1,0,0,0,0,0,1,0,0,0,0,0,0
82353070,0,0,0,0,1,0,0,1,1,1,0,0,0,0,0,1,0,0,0,0,0,0
82582161,0,0,0,0,1,0,0,1,1,1,0,0,0,0,0,1,0,0,0,0,0,0
82805066,0,0,0,0,1,0,0,1,1,1,0,0,0,0,0,1,0,0,0,0,0,0
83029343,0,0,0,0,1,0,0,1,1,1,0,0,0,0,0,1,0,0,0,0,0,0
83261065,0,0,0,0,1,0,0,1,1,1,0,0,0,0,0,1,0,0,0,0,0,0
83496350,0,0,0,0,1,0,0,1,1,1,0,0,0,0,0,1,0,0,0,0,0,0
83730225,0,0,0,0,1,0,0,1,1,1,0,0,0,0,0,1,0,0,0,0,0,0
83953101,0,0,0,0,1,0,0,1,1,1,0,0,0,0,0,1,0,0,0,0,0,0
84180569,0,0,0,0,1,0,0,1,1,1,0,0,0,0,0,1,0,0,0,0,0,0
84408950,0,0,0,0,1,0,0,1,1,1,0,0,0,0,0,1,0,0,0,0,0,0
84632073,0,0,0,0,1,0,0,1,1,1,0,0,0,0,0,1,0,0,0,0,0,0
84868542,0,0,0,0,1,0,0,1,1,1,0,0,0,0,0,1,0,0,0,0,0,0
85096202,0,0,0,0,1,0,0,1,1,1,0,0,0,0,0,1,0,0,0,0,0,0
85323275,0,0,0,0,1,0,0,1,1,1,0,0,0,0,0,1,0,0,0,0,0,0
85560819,0,0,0,0,1,0,0,1,1,1,0,0,0,0,0,1,0,0,0,0,0,0
85789197,0,0,0,0,1,0,0,1,1,1,0,0,0,0,0,1,0,0,0,0,0,0
86027910,0,0,0,0,1,0,0,1,1,1,0,0,0,0,0,1,0,0,0,0,0,0
86256894,0,0,0,0,1,0,0,1,1,1,0,0,0,0,0,1,0,0,0,0,0,0
86482284,0,0,0,0,1,0,0,1,1,1,0,0,0,0,0,1,0,0,0,0,0,0
86720158,0,0,0,0,1,0,0,1,1,1,0,0,0,0,0,1,0,0,0,0,0,0
86952659,0,0,0,0,1,0,0,1,1,1,0,0,0,0,0,1,0,0,0,0,0,0
87172081,0,0,0,0,1,0,0,1,1,1,0,0,0,0,0,1,0,0,0,0,0,0
87397594,0,0,0,0,1,0,0,1,1,1,0,0,0,0,0,1,0,0,0,0,0,0
87633430,0,0,0,0,1,0,0,1,1,1,0,0,0,0,0,1,0,0,0,0,0,0
87855072,0,0,0,0,1,0,0,1,1,1,0,0,0,0,0,1,0,0,0,0,0,0
88094974,0,0,0,0,1,0,0,1,1,1,0,0,0,0,0,1,0,0,0,0,0,0
88334627,0,0,0,0,1,0,0,1,1,1,0,0,0,0,0,1,0,0,0,0,0,0
88556455,0,0,0,0,1,0,0,1,1,1,0,0,0,0,0,1,0,0,0,0,0,0
88777961,0,0,0,0,1,0,0,1,1,1,0,0,0,0,0,1,0,0,0,0,0,0
89004163,0,0,0,0,1,0,0,1,1,1,0,0,0,0,0,1,0,0,0,0,0,0
89243998,0,0,0,0,1,0,0,1,1,1,0,0,0,0,0,1,0,0,0,0,0,0
89484903,0,0,0,0,1,0,0,1,1,1,0,0,0,0,0,1,0,0,0,0,0,0
89713376,0,0,0,0,1,0,0,1,1,1,0,0,0,0,0,1,0,0,0,0,0,0
89937804,0,0,0,0,1,0,0,1,1,1,0,0,0,0,0,1,0,0,0,0,0,0
90157215,0,0,0,0,1,0,0,1,1,1,0,0,0,0,0,1,0,0,0,0,0,0
90379314,0,0,0,0,1,0,0,1,1,1,0,0,0,0,0,1,0,0,0,0,0,0
90604608,0,0,0,0,1,0,0,1,1,1,0,0,0,0,0,1,0,0,0,0,0,0
90837065,0,0,0,0,1,0,0,1,1,1,0,0,0,0,0,1,0,0,0,0,0,0
91079372,0,0,0,0,1,0,0,1,1,1,0,0,0,0,0,1,0,0,0,0,0,0
91312077,0,0,0,0,1,0,0,1,1,1,0,0,0,0,0,1,0,0,0,0,0,0
91546811,0,0,0,0,1,0,0,1,1,1,0,0,0,0,0,1,0,0,0,0,0,0
91776664,0,0,0,0,1,0,0,1,1,1,0,0,0,0,0,1,0,0,0,0,0,0
92016771,0,0,0,0,1,0,0,1,1,1,0,0,0,0,0,1,0,0,0,0,0,0
92244250,0,0,0,0,1,0,0,1,1,1,0,0,0,0,0,1,0,0,0,0,0,0
92470788,0,0,0,0,1,0,0,1,1,1,0,0,0,0,0,1,0,0,0,0,0,0
92698233,0,0,0,0,1,0,0,1,1,1,0,0,0,0,0,1,0,0,0,0,0,0
92926807,0,0,0,0,1,0,0,1,1,1,0,0,0,0,0,1,0,0,0,0,0,0
93167689,0,0,0,0,1,0,0,1,1,1,0,0,0,0,0,1,0,0,0,0,0,0
93407960,0,0,0,0,1,0,0,1,1,1,0,0,0,0,0,1,0,0,0,0,0,0
93647327,0,0,0,0,1,0,0,1,1,1,0,0,0,0,0,1,0,0,0,0,0,0
93882143,0,0,0,0,1,0,0,1,1,1,0,0,0,0,0,1,0,0,0,0,0,0
94116727,0,0,0,0,1,0,0,1,1,1,0,0,0,0,0,1,0,0,0,0,0,0
94340327,0,0,0,0,1,0,0,1,1,1,0,0,0,0,0,1,0,0,0,0,0,0
94562173,0,0,0,0,1,0,0,1,1,1,0,0,0,0,0,1,0,0,0,0,0,0
94798262,0,0,0,0,1,0,0,1,1,1,0,0,0,0,0,1,0,0,0,0,0,0
95028756,0,0,0,0,1,0,0,1,1,1,0,0,0,0,0,1,0,0,0,0,0,0
95257068,0,0,0,0,1,0,0,1,1,1,0,0,0,0,0,1,0,0,0,0,0,0
95482066,0,0,0,0,1,0,0,1,1,1,0,0,0,0,0,1,0,0,0,0,0,0
95715040,0,0,0,0,1,0,0,1,1,1,0,0,0,0,0,1,0,0,0,0,0,0
95944202,0,0,0,0,1,0,0,1,1,1,0,0,0,0,0,1,0,0,0,0,0,0
96175063,0,0,0,0,1,0,0,1,1,1,0,0,0,0,0,1,0,0,0,0,0,0
96397063,0,0,0,0,1,0,0,1,1,1,0,0,0,0,0,1,0,0,0,0,0,0
96628023,0,0,0,0,1,0,0,1,1,1,0,0,0,0,0,1,0,0,0,0,0,0
96864705,0,0,0,0,1,0,0,1,1,1,0,0,0,0,0,1,0,0,0,0,0,0
97095187,0,0,0,0,1,0,0,1,1,1,0,0,0,0,0,1,0,0,0,0,0,0
97319313,0,0,0,0,1,0,0,1,1,1,0,0,0,0,0,1,0,0,0,0,0,0
97542104,0,0,0,0,1,0,0,1,1,1,0,0,0,0,0,1,0,0,0,0,0,0
97767114,0,0,0,0,1,0,0,1,1,1,0,0,0,0,0,1,0,0,0,0,0,0
97987068,0,0,0,0,1,0,0,1,1,1,0,0,0,0,0,1,0,0,0,0,0,0
98211641,0,0,0,0,1,0,0,1,1,1,0,0,0,0,0,1,0,0,0,0,0,0
98452072,0,0,0,0,1,0,0,1,1,1,0,0,0,0,0,1,0,0,0,0,0,0
98691679,0,0,0,0,1,0,0,1,1,1,0,0,0,0,0,1,0,0,0,0,0,0
98931532,0,0,0,0,1,0,0,1,1,1,0,0,0,0,0,1,0,0,0,0,0,0
99160433,0,0,0,0,1,0,0,1,1,1,0,0,0,0,0,1,0,0,0,0,0,0
99395107,0,0,0,0,1,0,0,1,1,1,0,0,0,0,0,1,0,0,0,0,0,0
99616576,0,0,0,0,1,0,0,1,1,1,0,0,0,0,0,1,0,0,0,0,0,0
99843075,0,0,0,0,1,0,0,1,1,1,0,0,0,0,0,1,0,0,0,0,0,0
100067374,0,0,0,0,1,0,0,1,1,1,0,0,0,0,0,1,0,0,0,0,0,0
100307294,0,0,0,0,1,0,0,1,1,1,0,0,0,0,0,1,0,0,0,0,0,0
100547403,0,0,0,0,1,0,0,1,1,1,0,0,0,0,0,1,0,0,0,0,0,0
100787671,0,0,0,0,1,0,0,1,1,1,0,0,0,0,0,1,0,0,0,0,0,0
101016465,0,0,0,0,1,0,0,1,1,1,0,0,0,0,0,1,0,0,0,0,0,0
101256633,0,0,0,0,1,0,0,1,1,1,0,0,0,0,0,1,0,0,0,0,0,0
101496590,0,0,0,0,1,0,0,1,1,1,0,0,0,0,0,1,0,0,0,0,0,0
101735061,0,0,0,0,1,0,0,1,1,1,0,0,0,0,0,1,0,0,0,0,0,0
101962093,0,0,0,0,1,0,0,1,1,1,0,0,0,0,0,1,0,0,0,0,0,0
102188160,0,0,0,0,1,0,0,1,1,1,0,0,0,0,0,1,0,0,0,0,0,0
102408060,0,0,0,0,1,0,0,1,1,1,0,0,0,0,0,1,0,0,0,0,0,0
102628196,0,0,0,0,1,0,0,1,1,1,0,0,0,0,0,1,0,0,0,0,0,0
102859809,0,0,0,0,1,0,0,1,1,1,0,0,0,0,0,1,0,0,0,0,0,0
103099958,0,0,0,0,1,0,0,1,1,1,0,0,0,0,0,1,0,0,0,0,0,0
103340411,0,0,0,0,1,0,0,1,1,1,0,0,0,0,0,1,0,0,0,0,0,0
103575063,0,0,0,0,1,0,0,1,1,1,0,0,0,0,0,1,0,0,0,0,0,0
103798109,0,0,0,0,1,0,0,1,1,1,0,0,0,0,0,1,0,0,0,0,0,0
104028342,0,0,0,0,1,0,0,1,1,1,0,0,0,0,0,1,0,0,0,0,0,0
104252851,0,0,0,0,1,0,0,1,1,1,0,0,0,0,0,1,0,0,0,0,0,0
104472239,0,0,0,0,1,0,0,1,1,1,0,0,0,0,0,1,0,0,0,0,0,0
104693275,0,0,0,0,1,0,0,1,1,1,0,0,0,0,0,1,0,0,0,0,0,0
104915154,0,0,0,0,1,0,0,1,1,1,0,0,0,0,0,1,0,0,0,0,0,0
105141717,0,0,0,0,1,0,0,1,1,1,0,0,0,0,0,1,0,0,0,0,0,0
105361080,0,0,0,0,1,0,0,1,1,1,0,0,0,0,0,1,0,0,0,0,0,0
105581162,0,0,0,0,1,0,0,1,1,1,0,0,0,0,0,1,0,0,0,0,0,0
105815801,0,0,0,0,1,0,0,1,1,1,0,0,0,0,0,1,0,0,0,0,0,0
106056133,0,0,0,0,1,0,0,1,1,1,0,0,0,0,0,1,0,0,0,0,0,0
106290142,0,0,0,0,1,0,0,1,1,1,0,0,0,0,0,1,0,0,0,0,0,0
106513040,0,0,0,0,1,0,0,1,1,1,0,0,0,0,0,1,0,0,0,0,0,0
106740820,0,0,0,0,1,0,0,1,1,1,0,0,0,0,0,1,0,0,0,0,0,0
106967266,0,0,0,0,1,0,0,1,1,1,0,0,0,0,0,1,0,0,0,0,0,0
107196123,0,0,0,0,1,0,0,1,1,1,0,0,0,0,0,1,0,0,0,0,0,0
107424937,0,0,0,0,1,0,0,1,1,1,0,0,0,0,0,1,0,0,0,0,0,0
107654105,0,0,0,0,1,0,0,1,1,1,0,0,0,0,0,1,0,0,0,0,0,0
107878051,0,0,0,0,1,0,0,1,1,1,0,0,0,0,0,1,0,0,0,0,0,0
108100192,0,0,0,0,1,0,0,1,1,1,0,0,0,0,0,1,0,0,0,0,0,0
108325064,0,0,0,0,1,0,0,1,1,1,0,0,0,0,0,1,0,0,0,0,0,0
108555221,0,0,0,0,1,0,0,1,1,1,0,0,0,0,0,1,0,0,0,0,0,0
108791657,0,0,0,0,1,0,0,1,1,1,0,0,0,0,0,1,0,0,0,0,0,0
109018988,0,0,0,0,1,0,0,1,1,1,0,0,0,0,0,1,0,0,0,0,0,0
109247413,0,0,0,0,1,0,0,1,1,1,0,0,0,0,0,1,0,0,0,0,0,0
109488082,0,0,0,0,1,0,0,1,1,1,0,0,0,0,0,1,0,0,0,0,0,0
109708318,0,0,0,0,1,0,0,1,1,1,0,0,0,0,0,1,0,0,0,0,0,0
109936064,0,0,0,0,1,0,0,1,1,1,0,0,0,0,0,1,0,0,0,0,0,0
110160033,0,0,0,0,1,0,0,1,1,1,0,0,0,0,0,1,0,0,0,0,0,0
110389764,0,0,0,0,1,0,0,1,1,1,0,0,0,0,0,1,0,0,0,0,0,0
110616176,0,0,0,0,1,0,0,1,1,1,0,0,0,0,0,1,0,0,0,0,0,0
110856065,0,0,0,0,1,0,0,1,1,1,0,0,0,0,0,1,0,0,0,0,0,0
111093378,0,0,0,0,1,0,0,1,1,1,0,0,0,0,0,1,0,0,0,0,0,0
111314513,0,0,0,0,1,0,0,1,1,1,0,0,0,0,0,1,0,0,0,0,0,0
111543623,0,0,0,0,1,0,0,1,1,1,0,0,0,0,0,1,0,0,0,0,0,0
111776252,0,0,0,0,1,0,0,1,1,1,0,0,0,0,0,1,0,0,0,0,0,0
112002066,0,0,0,0,1,0,0,1,1,1,0,0,0,0,0,1,0,0,0,0,0,0
112222103,0,0,0,0,1,0,0,1,1,1,0,0,0,0,0,1,0,0,0,0,0,0
112442279,0,0,0,0,1,0,0,1,1,1,0,0,0,0,0,1,0,0,0,0,0,0
112662224,0,0,0,0,1,0,0,1,1,1,0,0,0,0,0,1,0,0,0,0,0,0
112883129,0,0,0,0,1,0,0,1,1,1,0,0,0,0,0,1,0,0,0,0,0,0
113104070,0,0,0,0,1,0,0,1,1,1,0,0,0,0,0,1,0,0,0,0,0,0
113340956,0,0,0,0,1,0,0,1,1,1,0,0,0,0,0,1,0,0,0,0,0,0
113575067,0,0,0,0,1,0,0,1,1,1,0,0,0,0,0,1,0,0,0,0,0,0
113802267,0,0,0,0,1,0,0,1,1,1,0,0,0,0,0,1,0,0,0,0,0,0
114024385,0,0,0,0,1,0,0,1,1,1,0,0,0,0,0,1,0,0,0,0,0,0
114249251,0,0,0,0,1,0,0,1,1,1,0,0,0,0,0,1,0,0,0,0,0,0
114471132,0,0,0,0,1,0,0,1,1,1,0,0,0,0,0,1,0,0,0,0,0,0
114695727,0,0,0,0,1,0,0,1,1,1,0,0,0,0,0,1,0,0,0,0,0,0
114924090,0,0,0,0,1,0,0,1,1,1,0,0,0,0,0,1,0,0,0,0,0,0
115162552,0,0,0,0,1,0,0,1,1,1,0,0,0,0,0,1,0,0,0,0,0,0
115402357,0,0,0,0,1,0,0,1,1,1,0,0,0,0,0,1,0,0,0,0,0,0
115638105,0,0,0,0,1,0,0,1,1,1,0,0,0,0,0,1,0,0,0,0,0,0
115868520,0,0,0,0,1,0,0,1,1,1,0,0,0,0,0,1,0,0,0,0,0,0
116108856,0,0,0,0,1,0,0,1,1,1,0,0,0,0,0,1,0,0,0,0,0,0
116348216,0,0,0,0,1,0,0,1,1,1,0,0,0,0,0,1,0,0,0,0,0,0
116584164,0,0,0,0,1,0,0,1,1,1,0,0,0,0,0,1,0,0,0,0,0,0
116809069,0,0,0,0,1,0,0,1,1,1,0,0,0,0,0,1,0,0,0,0,0,0
117030262,0,0,0,0,1,0,0,1,1,1,0,0,0,0,0,1,0,0,0,0,0,0
117260755,0,0,0,0,1,0,0,1,1,1,0,0,0,0,0,1,0,0,0,0,0,0
117488602,0,0,0,0,1,0,0,1,1,1,0,0,0,0,0,1,0,0,0,0,0,0
