timestamp,states[0],states[1],states[2],states[3],states[4],states[5],states[6],states[7],states[8],states[9],states[10],states[11],states[12],states[13],states[14],states[15],states[16],states[17],states[18],states[19],states[20],states[21],states[22],states[23],n_states,vibe[0],vibe[1],vibe[2],covariances[0],covariances[1],covariances[2],covariances[3],covariances[4],covariances[5],covariances[6],covariances[7],covariances[8],covariances[9],covariances[10],covariances[11],covariances[12],covariances[13],covariances[14],covariances[15],covariances[16],covariances[17],covariances[18],covariances[19],covariances[20],covariances[21],covariances[22],covariances[23],control_mode_flags,pos_horiz_accuracy,pos_vert_accuracy,mag_test_ratio,vel_test_ratio,pos_test_ratio,hgt_test_ratio,tas_test_ratio,hagl_test_ratio,time_slip,gps_check_fail_flags,filter_fault_flags,innovation_check_flags,solution_status_flags,nan_flags,health_flags,timeout_flags
11133331,-0.26593,0.458061,-0.178737,0.829165,-2.18407,6.31965,2.53821,-0.874069,1.97464,4.16877,0.00181926,0.00158223,-0.00399621,-0.00414545,-0.00456594,-0.00419389,0.577054,-5.78479e-08,0.547241,0.0,0.0,0.0,0.0,0.0,3.5593e-43,1.1669e-05,0.00132379,0.00326954,0.0100245,0.000679435,0.000305309,0.00200441,0.0552649,0.0535048,0.108224,0.0151767,0.015385,0.12742,9.58e-09,7.60779e-09,3.16922e-08,0.0,0.0,0.0,0.0,0.0,0.0,0.0,0.0,0.0,0.0,0.0,131603,0.0,0.0,0.0906554,0.0,0.0406569,0.436566,0.0,0.0,0.0,0,0,0,677,0,0,0
11337454,-0.454829,0.499053,-0.223661,0.702889,-2.55092,5.4297,2.73612,-0.79454,2.0301,3.84666,0.00193181,0.00155333,-0.00347532,-0.00414545,-0.00456594,-0.00419389,0.577054,-5.78479e-08,0.547241,0.0,0.0,0.0,0.0,0.0,0.10301,9.72274e-06,0.00120426,0.0028294,0.00194104,0.000204589,0.000230715,0.000830743,0.0446305,0.0403604,0.0905487,0.0153709,0.0153998,0.124855,7.90138e-09,7.41408e-09,2.80422e-08,0.0,0.0,0.0,0.0,0.0,0.0,0.0,0.0,0.0,0.0,0.0,131603,0.0,0.0,0.0667802,0.0,0.0404506,0.378275,0.0,0.0,0.000122,0,0,0,677,0,0,0
11541340,-0.444994,0.549392,-0.0550561,0.705066,-3.35043,4.58453,2.91207,-0.835707,1.90607,3.46019,0.00199932,0.00154354,-0.00297266,-0.00414545,-0.00456594,-0.00419389,0.577054,-5.78479e-08,0.547241,0.0,0.0,0.0,0.0,0.0,0.0955821,6.18312e-06,0.000818748,0.00204437,0.00116747,0.000118985,0.000226405,0.00032624,0.0407818,0.0374059,0.0795572,0.0140352,0.0139936,0.117486,6.59922e-09,7.18581e-09,2.47186e-08,0.0,0.0,0.0,0.0,0.0,0.0,0.0,0.0,0.0,0.0,0.0,131603,0.0,0.0,0.0551611,0.0,0.0391361,0.403514,0.0,0.0,9e-06,0,0,0,677,0,0,0
11745337,-0.467513,0.605108,0.0395896,0.643202,-3.7212,4.0987,3.81128,-1.03936,1.847,3.32632,0.00205203,0.00155204,-0.00259374,-0.00414903,-0.00457205,-0.00419295,0.577054,-5.78479e-08,0.547241,0.0,0.0,0.0,0.0,0.0,0.0936629,9.13795e-06,0.00112697,0.00203482,0.000801182,0.000100149,0.000218923,0.000266732,0.0386095,0.0347286,0.0743175,0.0136377,0.0136338,0.11431,5.87114e-09,6.98065e-09,2.24231e-08,5.28934e-06,5.53226e-06,4.54851e-06,0.0,0.0,0.0,0.0,0.0,0.0,0.0,0.0,131603,0.0,0.0,0.0172631,0.0,0.0378818,0.377907,0.0,0.0,-3e-06,0,0,0,677,0,0,0
11945496,-0.32256,0.458432,-0.271352,0.782409,-4.47792,3.50512,4.11882,-1.19884,1.73364,3.25264,0.00210263,0.00156643,-0.00229091,-0.0041616,-0.00459419,-0.00418961,0.577054,-5.78479e-08,0.547241,0.0,0.0,0.0,0.0,0.0,0.0940065,6.15853e-06,0.000954969,0.00169209,0.000480834,0.00021811,0.000226438,0.000201431,0.0359113,0.0392571,0.0732623,0.0128881,0.0130422,0.109909,5.43558e-09,6.78512e-09,2.06818e-08,0.0,0.0,0.0,0.0,0.0,0.0,0.0,0.0,0.0,0.0,0.0,131603,0.0,0.0,0.15329,0.0,0.0354868,0.401663,0.0,0.0,0.000165,0,0,0,677,0,0,0
12149295,-0.340272,0.48448,-0.212942,0.777271,-5.44359,3.16422,3.90743,-1.54897,1.6548,3.14366,0.00215042,0.00159086,-0.00204353,-0.0041616,-0.00459419,-0.00418961,0.577054,-5.78479e-08,0.547241,0.0,0.0,0.0,0.0,0.0,0.0930454,4.40047e-06,0.000748558,0.00145142,0.000361212,0.000160102,0.00020813,0.000167966,0.0366978,0.0476477,0.0781721,0.0126729,0.0135553,0.108018,5.16557e-09,6.59804e-09,1.93408e-08,0.0,0.0,0.0,0.0,0.0,0.0,0.0,0.0,0.0,0.0,0.0,131603,0.0,0.0,0.174468,0.0,0.0330736,0.32245,0.0,0.0,-3.6e-05,0,0,0,677,0,0,0
12354944,-0.386123,0.58155,-0.118557,0.706153,-6.24373,2.67321,3.56413,-1.96212,1.54293,2.89409,0.00219889,0.00162997,-0.00184023,-0.0041616,-0.00459419,-0.00418961,0.577054,-5.78479e-08,0.547241,0.0,0.0,0.0,0.0,0.0,0.0914896,3.38453e-06,0.000606042,0.00125644,0.000297955,0.000116808,0.00017952,0.000181874,0.0370046,0.0537191,0.0862721,0.0129012,0.0146201,0.10746,5.03842e-09,6.41073e-09,1.82527e-08,0.0,0.0,0.0,0.0,0.0,0.0,0.0,0.0,0.0,0.0,0.0,131603,0.0,0.0,0.20511,0.0,0.0386597,0.312819,0.0,0.0,2e-05,0,0,0,677,0,0,0
12554897,-0.399194,0.677997,0.0314471,0.616422,-6.38618,2.1044,2.67434,-2.20225,1.32529,2.30528,0.00222835,0.00168891,-0.00165343,-0.00417514,-0.00462157,-0.00420146,0.577054,-5.78479e-08,0.547241,0.0,0.0,0.0,0.0,0.0,0.0911677,2.11066e-06,0.000438155,0.000952042,0.000253403,9.07226e-05,0.000149741,0.000182675,0.036621,0.0516364,0.0910204,0.0126957,0.0147081,0.10468,5.01162e-09,6.19759e-09,1.72636e-08,5.28932e-06,5.53224e-06,4.54848e-06,0.0,0.0,0.0,0.0,0.0,0.0,0.0,0.0,131603,0.0,0.0,0.169486,0.0,0.0451129,0.2428,0.0,0.0,-2.3e-05,0,0,0,677,0,0,0
12758948,-0.338075,0.678593,0.0753411,0.647719,-6.23565,1.65579,1.50764,-2.40484,1.17225,1.52598,0.00220997,0.00174482,-0.00151876,-0.00447774,-0.00494444,-0.00451372,0.577054,-5.78479e-08,0.547241,0.0,0.0,0.0,0.0,0.0,0.0908865,1.31813e-06,0.000319935,0.000735613,0.000226882,8.15977e-05,0.00012766,0.000159161,0.0380208,0.0506567,0.0959115,0.0131334,0.0153229,0.105268,5.00571e-09,6.01424e-09,1.65894e-08,5.28835e-06,5.52987e-06,4.54649e-06,0.0,0.0,0.0,0.0,0.0,0.0,0.0,0.0,131603,0.0,0.0,0.210792,0.0,0.0493234,0.180885,0.0,0.0,2.8e-05,0,0,0,677,0,0,0
12959830,-0.272496,0.648337,0.0980732,0.704121,-5.97406,1.18894,0.224471,-2.56316,1.03993,0.621909,0.00215469,0.00180242,-0.00139843,-0.00480547,-0.00480561,-0.00480331,0.577054,-5.78479e-08,0.547241,0.0,0.0,0.0,0.0,0.0,0.0907357,8.20159e-07,0.000223876,0.000659186,0.000211785,7.44699e-05,0.000111675,0.000135166,0.0410637,0.0521801,0.102233,0.0141435,0.016459,0.108549,4.98496e-09,5.85045e-09,1.60943e-08,5.28129e-06,5.51053e-06,4.53157e-06,0.0,0.0,0.0,0.0,0.0,0.0,0.0,0.0,131603,0.0,0.0,0.2707,0.0,0.0512054,0.102401,0.0,0.0,0.000107,0,0,0,677,0,0,0
13159686,-0.207703,0.615306,0.122023,0.750579,-5.41775,0.64297,-1.11757,-2.51121,0.847663,-0.476987,0.00207271,0.00186154,-0.00127586,-0.00480779,-0.00480818,-0.00480248,0.577054,-5.78479e-08,0.547241,0.0,0.0,0.0,0.0,0.0,0.0906435,1.31159e-06,0.000402775,0.000768181,0.00020476,6.71219e-05,9.79823e-05,0.000113,0.0427207,0.0520206,0.105845,0.0146437,0.0167963,0.10985,4.94076e-09,5.68566e-09,1.56705e-08,5.25992e-06,5.44623e-06,4.48496e-06,0.0,0.0,0.0,0.0,0.0,0.0,0.0,0.0,131603,0.0,0.0,0.318727,0.0,0.05031,0.0196325,0.0,0.0,-3.4e-05,0,0,0,677,0,0,0
13365335,-0.137336,0.285086,0.145041,0.937458,-4.60001,-0.0591703,-2.64157,-2.2166,0.564401,-1.71257,0.00196345,0.00192731,-0.00112883,-0.00480621,-0.00480621,-0.00480621,0.577054,-5.78479e-08,0.547241,0.0,0.0,0.0,0.0,0.0,0.0906064,8.96392e-06,0.00109187,0.00176897,0.000181936,7.50538e-05,0.000123281,6.62359e-05,0.0397951,0.0471736,0.104523,0.0140134,0.0157129,0.106928,4.8663e-09,5.49024e-09,1.52331e-08,0.0,0.0,0.0,0.0,0.0,0.0,0.0,0.0,0.0,0.0,0.0,131603,0.0,0.0,0.291247,0.0,0.0455224,0.147864,0.0,0.0,4e-06,0,0,0,677,0,0,0
13569304,-0.0392113,-0.337963,0.163195,0.926073,-4.52081,-0.673013,-3.57804,-2.12054,0.323628,-2.65655,0.0018779,0.00197061,-0.0010089,-0.00480621,-0.00480621,-0.00480621,0.577054,-5.78479e-08,0.547241,0.0,0.0,0.0,0.0,0.0,0.0907136,9.5427e-06,0.000964146,0.00192969,0.000102529,9.47158e-05,0.000212584,1.74412e-05,0.0352267,0.0424821,0.103874,0.0147462,0.0163802,0.11089,4.7943e-09,5.32538e-09,1.48648e-08,0.0,0.0,0.0,0.0,0.0,0.0,0.0,0.0,0.0,0.0,0.0,131603,0.0,0.0,0.294977,0.0,0.042441,0.253414,0.0,0.0,-2.7e-05,0,0,0,677,0,0,0
13769514,-0.140575,-0.0771551,0.39934,0.90267,-4.46914,-1.1534,-3.93681,-2.01855,0.0617717,-3.5176,0.0017899,0.00199388,-0.000900786,-0.00480621,-0.00480621,-0.00480621,0.577054,-5.78479e-08,0.547241,0.0,0.0,0.0,0.0,0.0,0.0906649,7.92482e-06,0.000799577,0.00160402,0.000127048,9.16507e-05,0.000165309,1.81774e-05,0.0294734,0.0350937,0.0982272,0.014189,0.0156692,0.111594,4.70165e-09,5.12272e-09,1.44795e-08,0.0,0.0,0.0,0.0,0.0,0.0,0.0,0.0,0.0,0.0,0.0,131603,0.0,0.0,0.246628,0.0,0.0414414,0.27703,0.0,0.0,0.00018,0,0,0,677,0,0,0
13973312,-0.0786339,0.139755,0.443248,0.881939,-3.57632,-0.356767,-2.73921,-1.91717,-0.0459096,-3.95806,0.00171474,0.00199936,-0.000813975,-0.00480621,-0.00480621,-0.00480621,0.577054,-5.78479e-08,0.547241,0.0,0.0,0.0,0.0,0.0,0.0909773,1.31185e-05,0.0011608,0.00254925,0.000167509,8.56498e-05,0.000107243,2.23992e-05,0.0207649,0.0240687,0.0860261,0.0134193,0.0146272,0.11205,4.61718e-09,4.88892e-09,1.39992e-08,0.0,0.0,0.0,0.0,0.0,0.0,0.0,0.0,0.0,0.0,0.0,131603,0.0,0.0,0.170155,0.0,0.0383749,0.346098,0.0,0.0,-1.9e-05,0,0,0,677,0,0,0
14177282,0.0405798,0.0344219,0.0649189,0.996471,-3.89078,-0.796303,-2.59707,-1.89869,-0.0697765,-4.05852,0.00165802,0.00200116,-0.000735473,-0.00480621,-0.00480621,-0.00480621,0.577054,-5.78479e-08,0.547241,0.0,0.0,0.0,0.0,0.0,0.0907606,1.1337e-05,0.00113609,0.00296316,0.000193323,5.8291e-05,9.17124e-05,3.38835e-05,0.0199741,0.0230417,0.0838341,0.0131037,0.0141425,0.115029,4.54651e-09,4.6833e-09,1.35626e-08,0.0,0.0,0.0,0.0,0.0,0.0,0.0,0.0,0.0,0.0,0.0,131603,0.0,0.0,0.30745,0.0,0.0379041,0.378981,0.0,0.0,-4.9e-05,0,0,0,677,0,0,0
14377314,0.0583913,0.283733,0.0236003,0.956833,-4.88156,-0.51916,-2.91549,-1.93438,-0.119651,-4.09706,0.00160225,0.00199592,-0.000631559,-0.00480539,-0.00480539,-0.00480539,0.577054,-5.78479e-08,0.547241,0.0,0.0,0.0,0.0,0.0,0.0907654,1.38379e-05,0.00126477,0.00342539,0.000227998,4.05567e-05,5.3645e-05,4.5172e-05,0.0196578,0.0236015,0.0904139,0.0123822,0.0132859,0.114824,4.45978e-09,4.467e-09,1.31059e-08,0.0,0.0,0.0,0.0,0.0,0.0,0.0,0.0,0.0,0.0,0.0,131603,0.0,0.0,0.394105,0.0,0.0383275,0.413197,0.0,0.0,-2e-05,0,0,0,677,0,0,0
14577342,-0.234268,0.32266,-0.0133527,0.916968,-4.56665,-0.610601,-2.46714,-2.09819,-0.124133,-4.12646,0.00155342,0.00196969,-0.000560265,-0.00480461,-0.00480461,-0.00480461,0.577054,-5.78479e-08,0.547241,0.0,0.0,0.0,0.0,0.0,0.0908004,2.44839e-05,0.00164262,0.00474292,0.000188709,4.29597e-05,5.15746e-05,8.27463e-05,0.0193471,0.0228518,0.0843332,0.0121862,0.0130813,0.116764,4.37137e-09,4.27764e-09,1.27582e-08,0.0,0.0,0.0,0.0,0.0,0.0,0.0,0.0,0.0,0.0,0.0,131603,0.0,0.0,0.0970121,0.0,0.041765,0.385134,0.0,0.0,-2.8e-05,0,0,0,677,0,0,0
14783027,0.0119818,0.173837,0.148792,0.973395,-3.56961,-1.11174,-2.99613,-1.98331,-0.177563,-4.19914,0.0014991,0.00191581,-0.000494919,-0.00480386,-0.00480386,-0.00480386,0.577054,-5.78479e-08,0.547241,0.0,0.0,0.0,0.0,0.0,0.0907957,1.74519e-05,0.00136171,0.00390083,0.000221007,4.66068e-05,7.12827e-05,2.78833e-05,0.0234436,0.0276108,0.0779608,0.012038,0.0128867,0.115778,4.24542e-09,4.03252e-09,1.23247e-08,0.0,0.0,0.0,0.0,0.0,0.0,0.0,0.0,0.0,0.0,0.0,131603,0.0,0.0,0.132028,0.0,0.0396664,0.371994,0.0,0.0,0.000107,0,0,0,677,0,0,0
14987093,0.104368,0.263445,0.176173,0.942691,-4.44102,0.164373,-1.18659,-1.99526,-0.150578,-4.08,0.00145,0.00185097,-0.000427184,-0.00480335,-0.00480335,-0.00480335,0.577054,-5.78479e-08,0.547241,0.0,0.0,0.0,0.0,0.0,0.0908812,1.45976e-05,0.0011895,0.0037352,0.000231323,3.89148e-05,5.5919e-05,2.41749e-05,0.0163052,0.0206345,0.0755674,0.0117591,0.0125684,0.114536,4.0929e-09,3.73963e-09,1.17044e-08,0.0,0.0,0.0,0.0,0.0,0.0,0.0,0.0,0.0,0.0,0.0,131603,0.0,0.0,0.122286,0.0,0.0407857,0.34626,0.0,0.0,0.000139,0,0,0,677,0,0,0
15186970,-0.0603914,0.156299,-0.0841649,0.982262,-4.41868,0.245508,-1.67772,-2.15995,-0.0118572,-3.80352,0.00140284,0.0017953,-0.000348548,-0.00480335,-0.00480335,-0.00480335,0.577054,-5.78479e-08,0.547241,0.0,0.0,0.0,0.0,0.0,0.0908307,1.06475e-05,0.000946331,0.00316828,0.000214688,3.8406e-05,5.72091e-05,3.7041e-05,0.0190208,0.0244918,0.0757959,0.0117216,0.012633,0.116283,3.94354e-09,3.5405e-09,1.12675e-08,0.0,0.0,0.0,0.0,0.0,0.0,0.0,0.0,0.0,0.0,0.0,131603,0.0,0.0,0.165357,0.0,0.0430411,0.341882,0.0,0.0,1.5e-05,0,0,0,677,0,0,0
15390976,-0.105887,0.285378,0.148314,0.94093,-4.51854,0.244668,-1.79884,-2.19279,0.0747006,-3.80115,0.00134268,0.00172986,-0.000243903,-0.00480335,-0.00480335,-0.00480335,0.577054,-5.78479e-08,0.547241,0.0,0.0,0.0,0.0,0.0,0.0908126,7.05408e-06,0.000785146,0.00227262,0.000220537,4.03474e-05,5.02363e-05,3.12753e-05,0.0195027,0.0261027,0.0732057,0.0116176,0.0126718,0.114961,3.74453e-09,3.32892e-09,1.08167e-08,0.0,0.0,0.0,0.0,0.0,0.0,0.0,0.0,0.0,0.0,0.0,131603,0.0,0.0,0.0622814,0.0,0.0448204,0.334724,0.0,0.0,5.6e-05,0,0,0,677,0,0,0
15595026,-0.0992941,0.238395,0.132704,0.956921,-3.82062,0.839971,0.555958,-2.14117,0.180672,-3.56747,0.00127805,0.00166254,-0.00013631,-0.00475231,-0.00480567,-0.00480567,0.577054,-5.78479e-08,0.547241,0.0,0.0,0.0,0.0,0.0,0.0908226,7.04518e-06,0.000751289,0.00235701,0.000224123,3.71969e-05,4.99848e-05,2.64898e-05,0.0145061,0.0189702,0.0606758,0.0112408,0.0123269,0.112497,3.52339e-09,3.14236e-09,1.03627e-08,0.0,0.0,0.0,0.0,0.0,0.0,0.0,0.0,0.0,0.0,0.0,131603,0.0,0.0,0.0536228,0.0,0.0437435,0.285291,0.0,0.0,0.000106,0,0,0,677,0,0,0
15794964,0.000757388,0.0452082,-0.148841,0.987827,-3.98896,0.724313,-0.139636,-2.09311,0.265905,-3.12555,0.00121268,0.00161617,-5.96972e-06,-0.00475231,-0.00480478,-0.00480478,0.577054,-5.78479e-08,0.547241,0.0,0.0,0.0,0.0,0.0,0.0909133,5.62198e-06,0.000806141,0.00246534,0.000217093,3.56501e-05,6.05782e-05,2.00095e-05,0.0163275,0.0225097,0.0601427,0.0108632,0.0119762,0.109859,3.32102e-09,2.96587e-09,9.85653e-09,0.0,0.0,0.0,0.0,0.0,0.0,0.0,0.0,0.0,0.0,0.0,131603,0.0,0.0,0.309315,0.0,0.0427279,0.288325,0.0,0.0,4.4e-05,0,0,0,677,0,0,0
15994931,-0.0147513,0.114996,-0.151624,0.981615,-4.33296,1.08114,-0.392277,-2.17256,0.363745,-2.95331,0.00115029,0.00159304,0.000155937,-0.0047518,-0.00480407,-0.00480407,0.577054,-5.78479e-08,0.547241,0.0,0.0,0.0,0.0,0.0,0.0909737,4.21422e-06,0.000699951,0.00222349,0.000221309,3.06799e-05,5.07163e-05,2.10231e-05,0.0171001,0.0248844,0.0602707,0.0110755,0.0124194,0.109799,3.1347e-09,2.80741e-09,9.32268e-09,5.23193e-06,5.35938e-06,4.42351e-06,0.0,0.0,0.0,0.0,0.0,0.0,0.0,0.0,131603,0.0,0.0,0.442587,0.0,0.0432907,0.265958,0.0,0.0,1.1e-05,0,0,0,677,0,0,0
16199011,0.069523,0.0813705,-0.0969424,0.989519,-3.95564,1.09436,-0.45094,-2.13959,0.438736,-2.87563,0.001072,0.00156065,0.000329795,-0.00442066,-0.00481872,-0.00483043,0.577054,-5.78479e-08,0.547241,0.0,0.0,0.0,0.0,0.0,0.0909369,3.6515e-06,0.000756748,0.00245372,0.000220484,2.79709e-05,5.18021e-05,1.48095e-05,0.0188212,0.0264094,0.0581749,0.0110923,0.0125712,0.10811,2.90609e-09,2.64748e-09,8.79125e-09,5.23089e-06,5.35837e-06,4.42337e-06,0.0,0.0,0.0,0.0,0.0,0.0,0.0,0.0,131603,0.0,0.0,0.20448,0.0,0.043694,0.269919,0.0,0.0,7.8e-05,0,0,0,677,0,0,0
16404648,0.053087,0.106897,-0.128193,0.984541,-3.97207,1.25691,-0.175533,-2.18425,0.516026,-2.77904,0.000994894,0.00152446,0.000474894,-0.0028891,-0.0048447,-0.00488357,0.577054,-5.78479e-08,0.547241,0.0,0.0,0.0,0.0,0.0,0.0909381,4.9335e-06,0.00096377,0.00486502,0.000221128,2.59979e-05,4.56705e-05,1.52232e-05,0.0223257,0.0300243,0.0598429,0.0115046,0.0131645,0.109,2.68638e-09,2.50612e-09,8.28691e-09,5.21495e-06,5.34321e-06,4.42123e-06,0.0,0.0,0.0,0.0,0.0,0.0,0.0,0.0,131603,0.0,0.0,0.248802,0.0,0.0446402,0.274424,0.0,0.0,0.000125,0,0,0,677,0,0,0
16605329,0.0858473,0.167176,-0.0930839,0.977762,-3.82672,1.27918,-0.153213,-2.15735,0.568626,-2.65876,0.000917159,0.00148939,0.000618799,-0.0028643,-0.00480445,-0.0048125,0.577054,-5.78479e-08,0.547241,0.0,0.0,0.0,0.0,0.0,0.0908543,2.98673e-06,0.000615343,0.00334407,0.000222322,2.31938e-05,4.04864e-05,1.54312e-05,0.0217124,0.0291895,0.0584506,0.0119762,0.0136892,0.109861,2.47039e-09,2.36971e-09,7.77215e-09,5.21494e-06,5.3432e-06,4.42123e-06,0.0,0.0,0.0,0.0,0.0,0.0,0.0,0.0,131603,0.0,0.0,0.210882,0.0,0.0441422,0.232162,0.0,0.0,-3.4e-05,0,0,0,677,0,0,0
16807784,0.0894677,0.162986,-0.0940434,0.978053,-3.64935,1.34043,-0.0461926,-2.10766,0.609582,-2.51409,0.000843196,0.00145312,0.000740126,-0.00235585,-0.00481022,-0.00481012,0.577054,-5.78479e-08,0.547241,0.0,0.0,0.0,0.0,0.0,0.0908573,1.807e-06,0.000373882,0.00229355,0.000221427,2.28218e-05,3.86104e-05,1.47713e-05,0.0224677,0.0295481,0.0584506,0.0123651,0.0140844,0.110687,2.27776e-09,2.25345e-09,7.32657e-09,5.21277e-06,5.34082e-06,4.42086e-06,0.0,0.0,0.0,0.0,0.0,0.0,0.0,0.0,131603,0.0,0.0,0.207223,0.0,0.0422454,0.22203,0.0,0.0,6.4e-05,0,0,0,677,0,0,0
17010882,0.100115,0.158999,-0.0921039,0.977861,-3.33727,1.32734,0.0566803,-1.92043,0.600775,-2.3215,0.000768011,0.00141281,0.000849632,-0.000565183,-0.00484333,-0.00492738,0.577054,-5.78479e-08,0.547241,0.0,0.0,0.0,0.0,0.0,0.0908525,1.09326e-06,0.000227573,0.00187847,0.000219241,2.24362e-05,3.65886e-05,1.41811e-05,0.0243971,0.0305682,0.0591919,0.0119477,0.0134307,0.107438,2.09225e-09,2.1419e-09,6.89918e-09,5.19022e-06,5.31705e-06,4.41681e-06,0.0,0.0,0.0,0.0,0.0,0.0,0.0,0.0,131603,0.0,0.0,0.18842,0.0,0.0393002,0.207749,0.0,0.0,-3.8e-05,0,0,0,677,0,0,0
17214940,0.111503,0.156906,-0.090044,0.977159,-2.96947,1.28275,0.195814,-1.71709,0.580788,-2.08054,0.000698117,0.00137069,0.000937494,0.00292523,-0.00487184,-0.00499592,0.577054,-5.78479e-08,0.547241,0.0,0.0,0.0,0.0,0.0,0.0908505,6.54825e-07,0.000137834,0.00121657,0.000217856,2.25059e-05,3.52293e-05,1.3806e-05,0.0277748,0.0328698,0.0619774,0.0116457,0.0128863,0.104005,1.92707e-09,2.03648e-09,6.49411e-09,5.1016e-06,5.22729e-06,4.39982e-06,0.0,0.0,0.0,0.0,0.0,0.0,0.0,0.0,131603,0.0,0.0,0.173401,0.0,0.0351246,0.184054,0.0,0.0,2.1e-05,0,0,0,677,0,0,0
17418998,0.122975,0.158208,-0.0891296,0.975655,-2.63205,1.24095,0.358621,-1.5782,0.577039,-1.82794,0.000645993,0.00133603,0.000994523,0.0053564,-0.00488817,-0.00504523,0.577054,-5.78479e-08,0.547241,0.0,0.0,0.0,0.0,0.0,0.0908444,4.31734e-07,0.000124609,0.000933349,0.000216598,2.3212e-05,3.50501e-05,1.38219e-05,0.0321741,0.0362828,0.0675003,0.0121644,0.0132657,0.104127,1.8063e-09,1.94381e-09,6.12145e-09,4.92418e-06,5.0532e-06,4.36311e-06,0.0,0.0,0.0,0.0,0.0,0.0,0.0,0.0,131603,0.0,0.0,0.15402,0.0,0.0323244,0.154554,0.0,0.0,7.8e-05,0,0,0,677,0,0,0
17619729,0.211036,0.168347,-0.0767966,0.959805,-2.3424,1.22224,0.531187,-1.4649,0.58537,-1.59478,0.000607053,0.00130641,0.00102756,0.00481884,-0.00481884,-0.00481884,0.577054,-5.78479e-08,0.547241,0.0,0.0,0.0,0.0,0.0,0.0908259,2.78707e-07,0.00010569,0.000874851,0.000210822,2.38973e-05,3.6006e-05,1.89859e-05,0.0363926,0.0395934,0.075137,0.0134669,0.0144601,0.107864,1.71664e-09,1.86144e-09,5.77738e-09,4.65772e-06,4.79682e-06,4.30273e-06,0.0,0.0,0.0,0.0,0.0,0.0,0.0,0.0,131603,0.0,0.0,0.115924,0.0,0.0294905,0.136219,0.0,0.0,-3.4e-05,0,0,0,677,0,0,0
17823681,0.240121,0.172776,-0.0752129,0.952278,-2.04988,1.10247,0.73501,-1.25452,0.538783,-1.31854,0.000572589,0.00127511,0.00104315,0.00481889,-0.00481889,-0.00481889,0.577054,-5.78479e-08,0.547241,0.0,0.0,0.0,0.0,0.0,0.0908209,1.66948e-07,6.51085e-05,0.000614692,0.000207524,2.48454e-05,3.6769e-05,2.17387e-05,0.0372959,0.0394561,0.0819319,0.0140174,0.0147576,0.109549,1.63758e-09,1.78296e-09,5.45547e-09,4.25545e-06,4.41456e-06,4.19742e-06,0.0,0.0,0.0,0.0,0.0,0.0,0.0,0.0,131603,0.0,0.0,0.0835998,0.0,0.0252751,0.139271,0.0,0.0,-3.9e-05,0,0,0,677,0,0,0
18027712,0.248328,0.1771,-0.077827,0.949164,-1.81804,1.02563,0.982499,-1.05366,0.483592,-0.978845,0.000547679,0.00124912,0.00104487,0.0053306,-0.00488046,-0.00505879,0.577054,-5.78479e-08,0.547241,0.0,0.0,0.0,0.0,0.0,0.0908159,1.00043e-07,4.22142e-05,0.000483039,0.000205704,2.61699e-05,3.81561e-05,2.29594e-05,0.0360526,0.0373751,0.0881784,0.0142109,0.0147171,0.111594,1.5804e-09,1.71136e-09,5.14986e-09,3.79824e-06,3.97964e-06,4.05011e-06,0.0,0.0,0.0,0.0,0.0,0.0,0.0,0.0,131603,0.0,0.0,0.0654157,0.0,0.0216844,0.104444,0.0,0.0,-8e-06,0,0,0,677,0,0,0
18229359,0.255864,0.183213,-0.0812176,0.945712,-1.73566,1.01954,1.21791,-0.913109,0.448616,-0.656534,0.000530678,0.00122888,0.00103812,0.00481351,-0.00481487,-0.0048139,0.577054,-5.78479e-08,0.547241,0.0,0.0,0.0,0.0,0.0,0.0908131,6.05418e-08,2.7307e-05,0.000506185,0.000201899,2.77551e-05,4.01795e-05,2.41854e-05,0.0340163,0.0348233,0.0938141,0.0143688,0.0147108,0.114548,1.54276e-09,1.64328e-09,4.8257e-09,3.37906e-06,3.5765e-06,3.87517e-06,0.0,0.0,0.0,0.0,0.0,0.0,0.0,0.0,131603,0.0,0.0,0.0353493,0.0,0.018362,0.0562204,0.0,0.0,2.7e-05,0,0,0,677,0,0,0
18433457,0.261959,0.189499,-0.0848161,0.942483,-1.72241,1.047,1.44415,-0.789725,0.414402,-0.326341,0.000517167,0.00120951,0.00102178,0.00515576,-0.00485538,-0.00497403,0.577054,-5.78479e-08,0.547241,0.0,0.0,0.0,0.0,0.0,0.0908091,3.63683e-08,2.11643e-05,0.000400062,0.000199679,2.95341e-05,4.26425e-05,2.55719e-05,0.0302586,0.0307318,0.0965942,0.0137013,0.0139091,0.114984,1.51529e-09,1.58583e-09,4.54832e-09,2.97754e-06,3.18307e-06,3.65208e-06,0.0,0.0,0.0,0.0,0.0,0.0,0.0,0.0,131603,0.0,0.0,0.00583864,0.0,0.0162427,0.0431087,0.0,0.0,0.000101,0,0,0,677,0,0,0
18637319,0.267516,0.195782,-0.088578,0.939286,-1.84346,1.14845,1.60591,-0.762465,0.424494,-0.0735888,0.00050718,0.00119272,0.00100103,0.00481465,-0.00481465,-0.00481465,0.577054,-5.78479e-08,0.547241,0.0,0.0,0.0,0.0,0.0,0.0908,9.26881e-08,0.000123304,0.00114891,0.000197268,3.1556e-05,4.5544e-05,2.70886e-05,0.0275403,0.02788,0.0993933,0.0136325,0.0137755,0.118505,1.49826e-09,1.53623e-09,4.28713e-09,2.67758e-06,2.88287e-06,3.429e-06,0.0,0.0,0.0,0.0,0.0,0.0,0.0,0.0,131603,0.0,0.0,0.0230391,0.0,0.0152203,0.0280998,0.0,0.0,-1.2e-05,0,0,0,677,0,0,0
18837312,0.270528,0.195181,-0.111584,0.936092,-2.05684,1.21355,1.71364,-0.758607,0.43892,0.150071,0.000498338,0.00117558,0.000974894,0.00508781,-0.00484028,-0.00489037,0.577054,-5.78479e-08,0.547241,0.0,0.0,0.0,0.0,0.0,0.0908027,1.80899e-06,0.000332486,0.00121677,0.00019529,3.28297e-05,4.84946e-05,2.78642e-05,0.0245639,0.0248811,0.0995392,0.0131108,0.0132109,0.119785,1.48554e-09,1.49091e-09,4.03894e-09,2.43606e-06,2.6377e-06,3.19301e-06,0.0,0.0,0.0,0.0,0.0,0.0,0.0,0.0,131603,0.0,0.0,0.0463213,0.0,0.0155866,0.035382,0.0,0.0,-3.6e-05,0,0,0,677,0,0,0
19041336,0.316997,0.0886279,-0.0438894,0.943256,-2.26853,1.37628,1.72473,-0.819532,0.479976,0.31808,0.000489661,0.00115603,0.000941208,0.00480824,-0.00480333,-0.00480802,0.577054,-5.78479e-08,0.547241,0.0,0.0,0.0,0.0,0.0,0.0907797,1.64958e-06,0.000389439,0.00107239,0.000180534,4.11384e-05,5.84094e-05,2.93999e-05,0.0221427,0.0225612,0.0994136,0.0129345,0.013015,0.12288,1.47513e-09,1.44898e-09,3.80364e-09,2.24641e-06,2.44485e-06,2.95267e-06,0.0,0.0,0.0,0.0,0.0,0.0,0.0,0.0,131603,0.0,0.0,0.14063,0.0,0.0162703,0.0417337,0.0,0.0,-2.9e-05,0,0,0,677,0,0,0
19243870,0.310866,0.114458,-0.0179595,0.943366,-2.45399,1.60887,1.65933,-0.862944,0.523581,0.427044,0.000479407,0.00112977,0.00089153,0.00506313,-0.00482914,-0.00480413,0.577054,-5.78479e-08,0.547241,0.0,0.0,0.0,0.0,0.0,0.0907608,1.11415e-06,0.000307377,0.000889666,0.000177269,4.51473e-05,6.03765e-05,3.18384e-05,0.0192515,0.0199064,0.0959091,0.012095,0.0121705,0.121743,1.46473e-09,1.41202e-09,3.58477e-09,2.08378e-06,2.28394e-06,2.68927e-06,0.0,0.0,0.0,0.0,0.0,0.0,0.0,0.0,131603,0.0,0.0,0.230988,0.0,0.0176931,0.124121,0.0,0.0,0.00015,0,0,0,677,0,0,0
19447716,0.285748,0.145402,0.00495154,0.947197,-2.71035,1.78234,1.91437,-0.976183,0.610163,0.496243,0.000468689,0.00110122,0.0008348,0.00506534,-0.00480952,-0.00479609,0.577054,-5.78479e-08,0.547241,0.0,0.0,0.0,0.0,0.0,0.0907447,8.44972e-07,0.000315605,0.000895569,0.000176143,4.92721e-05,6.22859e-05,3.25707e-05,0.0172958,0.0183206,0.0932536,0.0118854,0.0119857,0.123832,1.45542e-09,1.38087e-09,3.3855e-09,1.97108e-06,2.17885e-06,2.4626e-06,0.0,0.0,0.0,0.0,0.0,0.0,0.0,0.0,131603,0.0,0.0,0.290408,0.0,0.0200057,0.105319,0.0,0.0,-9e-06,0,0,0,677,0,0,0
19651755,0.283978,0.151924,-0.0141956,0.946612,-2.84149,1.83225,2.46706,-1.12354,0.709735,0.642297,0.000458019,0.00107304,0.000777899,0.00481318,-0.00474632,-0.00473558,0.577054,-5.78479e-08,0.547241,0.0,0.0,0.0,0.0,0.0,0.0907452,8.03512e-07,0.000318576,0.000800164,0.00017579,5.01687e-05,6.60228e-05,3.43712e-05,0.0159478,0.0171417,0.091312,0.0120886,0.0122291,0.128484,1.44703e-09,1.35395e-09,3.2022e-09,1.88857e-06,2.10742e-06,2.26863e-06,0.0,0.0,0.0,0.0,0.0,0.0,0.0,0.0,131603,0.0,0.0,0.276905,0.0,0.0223279,0.169283,0.0,0.0,2.1e-05,0,0,0,677,0,0,0
19851779,0.232242,0.18497,-0.0970767,0.949961,-2.9979,2.02299,2.21626,-1.17803,0.747771,0.712793,0.000444616,0.00104126,0.000719265,0.00505032,-0.00463277,-0.00453378,0.577054,-5.78479e-08,0.547241,0.0,0.0,0.0,0.0,0.0,0.090776,6.27977e-07,0.000297089,0.000737757,0.00018374,4.73999e-05,6.77642e-05,3.07312e-05,0.0141381,0.0153591,0.0850497,0.0111762,0.0113383,0.124401,1.437e-09,1.31984e-09,2.99722e-09,1.80383e-06,2.04097e-06,2.04461e-06,0.0,0.0,0.0,0.0,0.0,0.0,0.0,0.0,131603,0.0,0.0,0.139549,0.0,0.0241055,0.127501,0.0,0.0,5.9e-05,0,0,0,677,0,0,0
20051682,0.20595,0.21202,-0.109236,0.949052,-3.1625,2.24695,1.90891,-1.26999,0.825421,0.757038,0.000432916,0.00101506,0.00067684,0.00502994,-0.00452844,-0.00435061,0.577054,-5.78479e-08,0.547241,0.0,0.0,0.0,0.0,0.0,0.0907749,5.85802e-07,0.000260325,0.000742501,0.000184271,4.9099e-05,7.0552e-05,3.0634e-05,0.0132131,0.0143316,0.0798396,0.0106844,0.0108691,0.122166,1.4274e-09,1.29131e-09,2.84217e-09,1.74528e-06,2.00153e-06,1.86442e-06,0.0,0.0,0.0,0.0,0.0,0.0,0.0,0.0,131603,0.0,0.0,0.114828,0.0,0.0259592,0.136402,0.0,0.0,-3.8e-05,0,0,0,677,0,0,0
20255739,0.203793,0.220045,-0.0354974,0.953304,-3.45677,2.49446,1.69243,-1.41838,0.947575,0.729453,0.000420012,0.000982694,0.000627629,0.0050046,-0.00439066,-0.00413562,0.577054,-5.78479e-08,0.547241,0.0,0.0,0.0,0.0,0.0,0.0907168,5.97456e-07,0.000283349,0.000793737,0.000174702,5.64509e-05,7.5526e-05,3.29572e-05,0.0127694,0.0139572,0.0755524,0.0104997,0.0107137,0.121669,1.41518e-09,1.26375e-09,2.68485e-09,1.70359e-06,1.97776e-06,1.70225e-06,0.0,0.0,0.0,0.0,0.0,0.0,0.0,0.0,131603,0.0,0.0,0.208432,0.0,0.0289779,0.120682,0.0,0.0,1.9e-05,0,0,0,677,0,0,0
20459785,0.224657,0.2175,-0.0111555,0.949789,-3.63594,2.69215,1.63766,-1.57942,1.08322,0.673209,0.000406251,0.000942755,0.000570471,0.00480103,-0.00424028,-0.00396391,0.577054,-5.78479e-08,0.547241,0.0,0.0,0.0,0.0,0.0,0.0906877,5.39398e-07,0.000282357,0.000816168,0.000165981,6.0182e-05,8.01408e-05,3.7552e-05,0.0124647,0.0135116,0.0714938,0.0103882,0.0106259,0.121059,1.39921e-09,1.23825e-09,2.5298e-09,1.67671e-06,1.96501e-06,1.55831e-06,0.0,0.0,0.0,0.0,0.0,0.0,0.0,0.0,131603,0.0,0.0,0.258976,0.0,0.031353,0.13039,0.0,0.0,6.5e-05,0,0,0,677,0,0,0
20663681,0.203869,0.214492,0.0487414,0.953968,-3.81988,2.68043,1.75878,-1.68041,1.16263,0.577396,0.000390964,0.000892521,0.000511557,0.0049357,-0.00417449,-0.00388142,0.577054,-5.78479e-08,0.547241,0.0,0.0,0.0,0.0,0.0,0.090653,8.018e-06,0.000715825,0.0018612,0.000159447,6.80317e-05,8.35541e-05,3.8272e-05,0.0116695,0.0127244,0.0662071,0.0099094,0.0101467,0.116719,1.37607e-09,1.21384e-09,2.40056e-09,1.65896e-06,1.95895e-06,1.41667e-06,0.0,0.0,0.0,0.0,0.0,0.0,0.0,0.0,131603,0.0,0.0,0.260114,0.0,0.0342784,0.13993,0.0,0.0,-3.9e-05,0,0,0,677,0,0,0
20865316,0.153918,0.162233,0.375983,0.899237,-4.08372,2.42276,1.71125,-1.84089,1.22472,0.512936,0.000380101,0.000832227,0.000443676,0.00480477,-0.00416943,-0.00387217,0.577054,-5.78479e-08,0.547241,0.0,0.0,0.0,0.0,0.0,0.0907696,1.19868e-05,0.000927479,0.00214433,0.00012061,0.000110715,7.82828e-05,4.59022e-05,0.0118566,0.0138639,0.0574202,0.00985719,0.0101278,0.115347,1.34912e-09,1.18259e-09,2.26813e-09,0.0,0.0,0.0,0.0,0.0,0.0,0.0,0.0,0.0,0.0,0.0,131603,0.0,0.0,0.435146,0.0,0.0365383,0.14881,0.0,0.0,-2.2e-05,0,0,0,677,0,0,0
21065398,0.0248592,0.316731,0.624379,0.713593,-3.79492,2.82793,1.69199,-1.91884,1.25862,0.435842,0.000372493,0.000747282,0.000361403,0.00480415,-0.00416943,-0.00387217,0.577054,-5.78479e-08,0.547241,0.0,0.0,0.0,0.0,0.0,0.0909214,7.70241e-06,0.000708969,0.00160767,8.7884e-05,0.000125036,6.78416e-05,6.96518e-05,0.01319,0.0151139,0.0485294,0.00950444,0.00982981,0.110024,1.30315e-09,1.13417e-09,2.12602e-09,0.0,0.0,0.0,0.0,0.0,0.0,0.0,0.0,0.0,0.0,0.0,131603,0.0,0.0,0.475183,0.0,0.0390956,0.099865,0.0,0.0,5.9e-05,0,0,0,677,0,0,0
21269356,0.0472615,0.296139,0.677847,0.671261,-3.78437,3.22874,1.66218,-2.07351,1.45162,0.418097,0.000360437,0.000664831,0.00029536,0.00480415,-0.00416943,-0.00387217,0.577054,-5.78479e-08,0.547241,0.0,0.0,0.0,0.0,0.0,0.0907912,4.84463e-06,0.000555162,0.00128347,7.89885e-05,0.00011854,6.27608e-05,7.68556e-05,0.0160032,0.0187123,0.044169,0.010025,0.0104562,0.109984,1.24779e-09,1.08333e-09,2.00341e-09,1.6577e-06,1.95839e-06,1.40342e-06,0.0,0.0,0.0,0.0,0.0,0.0,0.0,0.0,131603,0.0,0.0,0.43027,0.0,0.0413285,0.108085,0.0,0.0,2.5e-05,0,0,0,677,0,0,0
21469304,0.0363796,0.238298,0.67321,0.699056,-3.50473,3.34902,1.4458,-2.04657,1.54695,0.286775,0.000329637,0.000562098,0.000236123,0.00483381,-0.00420512,-0.00385639,0.577054,-5.78479e-08,0.547241,0.0,0.0,0.0,0.0,0.0,0.0907156,3.40335e-06,0.000494376,0.00120313,7.93802e-05,0.000112743,6.04646e-05,6.93599e-05,0.0188922,0.022316,0.0403921,0.0100585,0.0105581,0.104938,1.16052e-09,1.02275e-09,1.89758e-09,1.65764e-06,1.95837e-06,1.40338e-06,0.0,0.0,0.0,0.0,0.0,0.0,0.0,0.0,131603,0.0,0.0,0.417273,0.0,0.0416913,0.0858324,0.0,0.0,-3.6e-05,0,0,0,677,0,0,0
21673314,0.0676962,0.224444,0.637367,0.734034,-3.10809,3.30903,1.02391,-2.00016,1.64938,0.128606,0.000280491,0.000454972,0.000193441,0.00480627,-0.00438851,-0.00374581,0.577054,-5.78479e-08,0.547241,0.0,0.0,0.0,0.0,0.0,0.0906722,2.83952e-06,0.000544088,0.00118635,8.23494e-05,9.8069e-05,6.05956e-05,6.49055e-05,0.023172,0.0276716,0.0390177,0.0105495,0.0111664,0.101352,1.05018e-09,9.53612e-10,1.80604e-09,1.65639e-06,1.95806e-06,1.40246e-06,0.0,0.0,0.0,0.0,0.0,0.0,0.0,0.0,131603,0.0,0.0,0.330821,0.0,0.0399809,0.0604024,0.0,0.0,-1.7e-05,0,0,0,677,0,0,0
21877444,0.0702054,0.182183,0.626029,0.754963,-2.6317,3.04496,0.697246,-1.88474,1.66974,-0.139464,0.000214757,0.000350252,0.000167989,0.00480528,-0.00477358,-0.00346731,0.577054,-5.78479e-08,0.547241,0.0,0.0,0.0,0.0,0.0,0.090626,1.94423e-06,0.000436851,0.00100834,8.38948e-05,9.1609e-05,5.70891e-05,5.68963e-05,0.0265993,0.0317838,0.0392453,0.0112797,0.0120413,0.0981627,9.24722e-10,8.78236e-10,1.72636e-09,1.65043e-06,1.95653e-06,1.39838e-06,0.0,0.0,0.0,0.0,0.0,0.0,0.0,0.0,131603,0.0,0.0,0.281617,0.0,0.0377734,0.0515164,0.0,0.0,0.000111,0,0,0,677,0,0,0
22081331,0.0954344,0.160919,0.576835,0.795147,-1.86927,2.68163,0.264194,-1.60267,1.53662,-0.474814,0.000131864,0.000248875,0.000162244,0.00501911,-0.00487628,-0.00293178,0.577054,-5.78479e-08,0.547241,0.0,0.0,0.0,0.0,0.0,0.0905998,3.57637e-06,0.000558001,0.00151869,8.97465e-05,7.78683e-05,5.37497e-05,4.87008e-05,0.028646,0.0337439,0.0403308,0.0115748,0.0123591,0.0932618,7.82362e-10,7.93088e-10,1.65425e-09,1.63242e-06,1.95165e-06,1.38705e-06,0.0,0.0,0.0,0.0,0.0,0.0,0.0,0.0,131603,0.0,0.0,0.1244,0.0,0.0327053,0.0528963,0.0,0.0,-2.7e-05,0,0,0,677,0,0,0
22281337,0.132036,0.0920075,0.424879,0.890831,-1.26514,2.16824,0.030615,-1.32348,1.38917,-0.729235,5.80061e-05,0.000179879,0.000175054,0.00480378,-0.00480378,-0.00243315,0.577054,-5.78479e-08,0.547241,0.0,0.0,0.0,0.0,0.0,0.09057,9.02014e-06,0.000819616,0.00214962,0.000104868,5.83559e-05,5.35038e-05,3.76153e-05,0.0290367,0.0340367,0.0418765,0.0123225,0.0131478,0.0914216,6.63747e-10,7.17223e-10,1.58285e-09,0.0,0.0,0.0,0.0,0.0,0.0,0.0,0.0,0.0,0.0,0.0,131603,0.0,0.0,0.0826238,0.0,0.0284481,0.00531504,0.0,0.0,6e-06,0,0,0,677,0,0,0
22483047,0.147847,-0.0489107,0.158565,0.97499,-0.698923,1.37908,-0.0254422,-1.01561,1.16853,-0.897678,-5.88649e-06,0.000140069,0.000208792,0.00480315,-0.00480315,-0.00243312,0.577054,-5.78479e-08,0.547241,0.0,0.0,0.0,0.0,0.0,0.0905462,8.61453e-06,0.000879431,0.00234769,0.000120915,3.96971e-05,5.68447e-05,2.63187e-05,0.0259296,0.0310288,0.0396196,0.0127856,0.0136268,0.0901341,5.65586e-10,6.52568e-10,1.52075e-09,0.0,0.0,0.0,0.0,0.0,0.0,0.0,0.0,0.0,0.0,0.0,131603,0.0,0.0,0.373177,0.0,0.023616,0.0170478,0.0,0.0,0.000127,0,0,0,677,0,0,0
22686926,0.152183,-0.0661839,0.0607777,0.984259,-0.215249,0.681137,-0.192117,-0.720537,0.881467,-0.979467,-5.4797e-05,0.000123381,0.000253548,0.00480297,-0.00480297,-0.00243312,0.577054,-5.78479e-08,0.547241,0.0,0.0,0.0,0.0,0.0,0.0905663,5.67604e-06,0.000698913,0.00173899,0.000125407,3.26712e-05,5.03681e-05,2.37674e-05,0.0237321,0.0289587,0.0381569,0.0129692,0.0138544,0.0892572,4.85843e-10,5.96852e-10,1.45798e-09,0.0,0.0,0.0,0.0,0.0,0.0,0.0,0.0,0.0,0.0,0.0,131603,0.0,0.0,0.532879,0.0,0.0179183,0.0340975,0.0,0.0,-3e-06,0,0,0,677,0,0,0
22886939,0.173275,-0.0691908,-0.0306846,0.981961,0.0669153,0.273124,0.0169514,-0.493428,0.631614,-0.979885,-8.57211e-05,0.000123227,0.000297303,0.00480715,-0.00480713,-0.00243227,0.577054,-5.78479e-08,0.547241,0.0,0.0,0.0,0.0,0.0,0.0905668,8.40022e-06,0.00086263,0.00185511,0.000125518,2.82512e-05,4.38449e-05,2.38262e-05,0.0217126,0.0265394,0.0370015,0.0130783,0.0140016,0.0892377,4.26763e-10,5.49179e-10,1.39807e-09,1.60996e-06,1.94493e-06,1.37395e-06,0.0,0.0,0.0,0.0,0.0,0.0,0.0,0.0,131603,0.0,0.0,0.609405,0.0,0.012923,0.0872668,0.0,0.0,1.9e-05,0,0,0,677,0,0,0
23090883,0.21403,-0.160501,-0.3914,0.880476,0.175756,-0.308302,0.034535,-0.288971,0.378525,-0.904805,-0.000106676,0.000130472,0.000341754,0.00480603,-0.00480603,-0.00243227,0.577054,-5.78479e-08,0.547241,0.0,0.0,0.0,0.0,0.0,0.0905384,7.27259e-06,0.000780397,0.00164418,0.000105099,3.71312e-05,3.96062e-05,2.81121e-05,0.0199846,0.0241486,0.0356413,0.0126114,0.0134868,0.0881005,3.72811e-10,5.02909e-10,1.33826e-09,0.0,0.0,0.0,0.0,0.0,0.0,0.0,0.0,0.0,0.0,0.0,131603,0.0,0.0,0.666402,0.0,0.00777196,0.0191901,0.0,0.0,-3.7e-05,0,0,0,677,0,0,0
23294890,0.161109,-0.189281,-0.561807,0.789044,0.268358,-0.648004,-0.0540154,-0.155412,0.145591,-0.795049,-0.000116188,0.000142533,0.000381625,0.0048051,-0.0048051,-0.00243227,0.577054,-5.78479e-08,0.547241,0.0,0.0,0.0,0.0,0.0,0.0905132,4.63808e-06,0.000583569,0.00127041,8.95465e-05,4.68803e-05,3.23122e-05,2.56738e-05,0.0190176,0.0226377,0.0346786,0.012168,0.0129947,0.0870173,3.29825e-10,4.61708e-10,1.2816e-09,0.0,0.0,0.0,0.0,0.0,0.0,0.0,0.0,0.0,0.0,0.0,131603,0.0,0.0,0.709079,0.0,0.00317513,0.0602005,0.0,0.0,-3.9e-05,0,0,0,677,0,0,0
23498917,0.16897,-0.212166,-0.595957,0.755824,0.387109,-0.910176,0.0289388,-0.0457038,-0.0429142,-0.697751,-0.000117834,0.000155466,0.00041471,0.00480444,-0.00480392,-0.00243164,0.577054,-5.78479e-08,0.547241,0.0,0.0,0.0,0.0,0.0,0.0904804,2.94555e-06,0.000452854,0.00102071,8.02203e-05,4.53629e-05,2.90738e-05,2.42934e-05,0.0184524,0.0215041,0.0338069,0.0118599,0.0126491,0.086111,2.95347e-10,4.25065e-10,1.22945e-09,1.60994e-06,1.94493e-06,1.37394e-06,0.0,0.0,0.0,0.0,0.0,0.0,0.0,0.0,131603,0.0,0.0,0.668939,0.0,0.000930375,0.0549143,0.0,0.0,-3e-06,0,0,0,677,0,0,0
23698915,0.178009,-0.22599,-0.618574,0.731168,0.326232,-1.00438,0.000421875,0.0225672,-0.197109,-0.5976,-0.000114657,0.000168137,0.00044151,0.00479508,-0.00479663,-0.00241781,0.577054,-5.78479e-08,0.547241,0.0,0.0,0.0,0.0,0.0,0.0904514,1.83595e-06,0.000330952,0.000806118,7.30958e-05,4.31299e-05,2.61637e-05,2.31289e-05,0.0193563,0.0219275,0.034843,0.0121245,0.0129186,0.0870932,2.68789e-10,3.93927e-10,1.18281e-09,1.60933e-06,1.94481e-06,1.37352e-06,0.0,0.0,0.0,0.0,0.0,0.0,0.0,0.0,131603,0.0,0.0,0.636604,0.0,0.00379864,0.00190922,0.0,0.0,-5e-06,0,0,0,677,0,0,0
23900613,0.188081,-0.236609,-0.635513,0.710468,0.264456,-1.02684,0.0556484,0.0599615,-0.297909,-0.494708,-0.000107549,0.000179775,0.000463107,0.00472688,-0.00476949,-0.00235142,0.577054,-5.78479e-08,0.547241,0.0,0.0,0.0,0.0,0.0,0.090423,1.1562e-06,0.000265326,0.000950358,6.67217e-05,4.04265e-05,2.32966e-05,2.1741e-05,0.0199677,0.0218653,0.0362202,0.0118316,0.0125207,0.0861817,2.42776e-10,3.62304e-10,1.13786e-09,1.6049e-06,1.94396e-06,1.37056e-06,0.0,0.0,0.0,0.0,0.0,0.0,0.0,0.0,131603,0.0,0.0,0.588303,0.0,0.00610817,0.0327647,0.0,0.0,9.3e-05,0,0,0,677,0,0,0
24104570,0.214913,-0.249175,-0.621003,0.711392,0.233607,-0.937237,0.0190845,0.0763256,-0.355704,-0.399744,-9.88283e-05,0.000191114,0.000483163,0.00456019,-0.00472192,-0.00220302,0.577054,-5.78479e-08,0.547241,0.0,0.0,0.0,0.0,0.0,0.0903951,4.97217e-06,0.000697387,0.00201523,6.27505e-05,3.50476e-05,2.14908e-05,2.07456e-05,0.0208896,0.0222856,0.0386276,0.0116931,0.0122731,0.0856692,2.20976e-10,3.33595e-10,1.09353e-09,1.59145e-06,1.94126e-06,1.36174e-06,0.0,0.0,0.0,0.0,0.0,0.0,0.0,0.0,131603,0.0,0.0,0.534997,0.0,0.00729239,0.00928473,0.0,0.0,4e-05,0,0,0,677,0,0,0
24304488,0.290345,-0.232682,-0.392076,0.841329,0.25104,-0.78639,-0.479806,0.0971633,-0.382139,-0.381211,-9.17129e-05,0.000198523,0.000495409,0.00450803,-0.00471139,-0.00215715,0.577054,-5.78479e-08,0.547241,0.0,0.0,0.0,0.0,0.0,0.0903719,2.08997e-05,0.00135839,0.00385069,7.37185e-05,1.78713e-05,2.14749e-05,2.08177e-05,0.0214412,0.022827,0.0404323,0.0124146,0.0129677,0.08824,2.06292e-10,3.13585e-10,1.06149e-09,0.0,0.0,0.0,0.0,0.0,0.0,0.0,0.0,0.0,0.0,0.0,131603,0.0,0.0,0.442195,0.0,0.0076601,0.00986686,0.0,0.0,-3.4e-05,0,0,0,677,0,0,0
24508625,0.308005,0.0552643,0.00325576,0.949773,-0.218425,-0.983842,0.151133,0.049953,-0.40723,-0.392406,-8.30578e-05,0.000206329,0.000508273,0.00450803,-0.00471139,-0.00215715,0.577054,-5.78479e-08,0.547241,0.0,0.0,0.0,0.0,0.0,0.0903772,1.38789e-05,0.00108491,0.00297515,8.17095e-05,1.2828e-05,1.61096e-05,2.04495e-05,0.018177,0.0188968,0.0379184,0.0120948,0.0125174,0.0878731,1.90103e-10,2.90463e-10,1.02173e-09,0.0,0.0,0.0,0.0,0.0,0.0,0.0,0.0,0.0,0.0,0.0,131603,0.0,0.0,0.386194,0.0,0.00834988,0.0487518,0.0,0.0,0.000105,0,0,0,677,0,0,0
24712483,0.29718,0.00588844,0.0280787,0.95439,-0.150082,-0.719883,0.27988,0.0139168,-0.393526,-0.335873,-7.48586e-05,0.000211047,0.000517185,0.00450803,-0.00471139,-0.00215715,0.577054,-5.78479e-08,0.547241,0.0,0.0,0.0,0.0,0.0,0.090378,1.0092e-05,0.000917869,0.00223602,8.18315e-05,1.32591e-05,1.48873e-05,1.80235e-05,0.0157038,0.016363,0.0359734,0.0115967,0.0119179,0.08733,1.77139e-10,2.71131e-10,9.85923e-10,0.0,0.0,0.0,0.0,0.0,0.0,0.0,0.0,0.0,0.0,0.0,131603,0.0,0.0,0.312698,0.0,0.00805805,0.0631584,0.0,0.0,-3.7e-05,0,0,0,677,0,0,0
24916507,0.305837,0.356808,-0.131088,0.872908,-0.36064,-0.631814,0.36702,-0.0344166,-0.369186,-0.274637,-6.78984e-05,0.000215256,0.000527258,0.00450803,-0.00471139,-0.00215715,0.577054,-5.78479e-08,0.547241,0.0,0.0,0.0,0.0,0.0,0.09038,8.86355e-06,0.000810236,0.00196063,7.30321e-05,8.34411e-06,2.16402e-05,2.36643e-05,0.014094,0.0146623,0.0342579,0.0111794,0.0114388,0.0869025,1.66963e-10,2.55092e-10,9.5152e-10,0.0,0.0,0.0,0.0,0.0,0.0,0.0,0.0,0.0,0.0,0.0,131603,0.0,0.0,0.435846,0.0,0.00755417,0.0478656,0.0,0.0,-1.6e-05,0,0,0,677,0,0,0
25116641,0.204781,0.692032,-0.240784,0.648984,-0.51784,-0.590606,0.367189,-0.102609,-0.366806,-0.211542,-6.21994e-05,0.000221454,0.00054505,0.00450803,-0.00471139,-0.00215715,0.577054,-5.78479e-08,0.547241,0.0,0.0,0.0,0.0,0.0,0.0903735,5.92768e-06,0.000689626,0.00163956,4.77514e-05,8.6774e-06,4.61515e-05,2.10485e-05,0.0135186,0.0140086,0.0332079,0.0113188,0.0115563,0.0884196,1.59369e-10,2.42338e-10,9.19899e-10,0.0,0.0,0.0,0.0,0.0,0.0,0.0,0.0,0.0,0.0,0.0,131603,0.0,0.0,0.668879,0.0,0.00735777,0.0581677,0.0,0.0,7.5e-05,0,0,0,677,0,0,0
25321311,0.195471,0.724827,-0.254727,0.609534,-0.661299,-0.473761,0.223586,-0.168466,-0.320952,-0.163944,-5.52956e-05,0.000226343,0.000562876,0.00450803,-0.00471139,-0.00215715,0.577054,-5.78479e-08,0.547241,0.0,0.0,0.0,0.0,0.0,0.0903543,3.58484e-06,0.000486374,0.00139535,4.24006e-05,8.45814e-06,4.61429e-05,1.9734e-05,0.012503,0.0128922,0.031478,0.010483,0.010669,0.0858624,1.50794e-10,2.28271e-10,8.86547e-10,0.0,0.0,0.0,0.0,0.0,0.0,0.0,0.0,0.0,0.0,0.0,131603,0.0,0.0,0.606479,0.0,0.00655974,0.0290385,0.0,0.0,-1.9e-05,0,0,0,677,0,0,0
25522111,0.205327,0.728603,-0.256496,0.600989,-0.83248,-0.392428,0.136239,-0.25643,-0.300406,-0.160207,-5.01302e-05,0.000229857,0.000578841,0.00450855,-0.0047045,-0.00215727,0.577054,-5.78479e-08,0.547241,0.0,0.0,0.0,0.0,0.0,0.0903357,2.18636e-06,0.000336407,0.00109724,4.05507e-05,7.95919e-06,4.32903e-05,1.95322e-05,0.0127301,0.0130313,0.0310149,0.0106685,0.0108419,0.0872342,1.44663e-10,2.17558e-10,8.58153e-10,1.5867e-06,1.94025e-06,1.35866e-06,0.0,0.0,0.0,0.0,0.0,0.0,0.0,0.0,131603,0.0,0.0,0.605443,0.0,0.00604066,0.0509188,0.0,0.0,-9e-06,0,0,0,677,0,0,0
25726161,0.211419,0.729834,-0.26283,0.594613,-0.993018,-0.32133,0.0972489,-0.336939,-0.260596,-0.150318,-4.44071e-05,0.000232139,0.000595568,0.00451082,-0.00462706,-0.00216832,0.577054,-5.78479e-08,0.547241,0.0,0.0,0.0,0.0,0.0,0.0903191,1.31855e-06,0.000236265,0.000878294,3.89572e-05,7.60663e-06,4.02369e-05,1.88712e-05,0.0134864,0.0136579,0.0309221,0.010382,0.0105211,0.0863282,1.38099e-10,2.05937e-10,8.27604e-10,1.58662e-06,1.93913e-06,1.35812e-06,0.0,0.0,0.0,0.0,0.0,0.0,0.0,0.0,131603,0.0,0.0,0.598081,0.0,0.00689171,0.0564777,0.0,0.0,4.1e-05,0,0,0,677,0,0,0
25930190,0.2158,0.728251,-0.26126,0.595671,-1.16552,-0.263835,-0.0157968,-0.434154,-0.231784,-0.181344,-3.96401e-05,0.000232274,0.00060792,0.00451187,-0.00443412,-0.00222052,0.577054,-5.78479e-08,0.547241,0.0,0.0,0.0,0.0,0.0,0.0903033,9.23253e-07,0.000216389,0.00070445,3.82882e-05,7.17357e-06,3.74187e-05,1.82936e-05,0.0153824,0.0154139,0.0322385,0.0106404,0.0107497,0.0873256,1.32732e-10,1.96042e-10,8.01661e-10,1.58611e-06,1.93297e-06,1.35518e-06,0.0,0.0,0.0,0.0,0.0,0.0,0.0,0.0,131603,0.0,0.0,0.61126,0.0,0.00856117,0.035739,0.0,0.0,4.2e-05,0,0,0,677,0,0,0
26134166,0.239811,0.683276,-0.232647,0.649231,-1.29599,-0.203705,-0.146327,-0.510116,-0.191671,-0.256928,-3.47321e-05,0.000229645,0.000616736,0.00449849,-0.00402258,-0.00237973,0.577054,-5.78479e-08,0.547241,0.0,0.0,0.0,0.0,0.0,0.0902886,2.90356e-06,0.000410119,0.000956931,4.17156e-05,6.47485e-06,3.08743e-05,1.78546e-05,0.0172256,0.0171002,0.0339,0.0105865,0.0106507,0.0865044,1.27237e-10,1.85489e-10,7.75115e-10,1.58408e-06,1.91139e-06,1.34485e-06,0.0,0.0,0.0,0.0,0.0,0.0,0.0,0.0,131603,0.0,0.0,0.576187,0.0,0.0104295,0.0286677,0.0,0.0,1.4e-05,0,0,0,677,0,0,0
26334146,0.347997,0.214473,-0.0761557,0.90945,-1.38725,-0.142649,-0.300391,-0.581343,-0.157461,-0.384785,-3.09217e-05,0.000225246,0.000620456,0.00449849,-0.00402258,-0.00237973,0.577054,-5.78479e-08,0.547241,0.0,0.0,0.0,0.0,0.0,0.0902883,5.1891e-06,0.000738981,0.00115557,6.38248e-05,9.27796e-06,8.35799e-06,1.55865e-05,0.0164482,0.0160726,0.0332316,0.0108049,0.0108274,0.0867892,1.23016e-10,1.76513e-10,7.51161e-10,0.0,0.0,0.0,0.0,0.0,0.0,0.0,0.0,0.0,0.0,0.0,131603,0.0,0.0,0.256117,0.0,0.0118898,0.0244399,0.0,0.0,-9e-06,0,0,0,677,0,0,0
26538135,0.35802,-0.11777,-0.000959424,0.926256,-1.33165,-0.189991,-0.105338,-0.607476,-0.135382,-0.499373,-2.73658e-05,0.000217211,0.000615506,0.00449849,-0.00402258,-0.00237973,0.577054,-5.78479e-08,0.547241,0.0,0.0,0.0,0.0,0.0,0.0902996,3.22512e-06,0.000569794,0.000924862,6.27662e-05,1.14616e-05,1.13975e-05,1.19887e-05,0.0147506,0.0140088,0.0314338,0.010681,0.0106458,0.0860772,1.1907e-10,1.67155e-10,7.25707e-10,0.0,0.0,0.0,0.0,0.0,0.0,0.0,0.0,0.0,0.0,0.0,131603,0.0,0.0,0.146656,0.0,0.0124193,0.0129277,0.0,0.0,1.5e-05,0,0,0,677,0,0,0
